filepath,has_text,scene_type,timestamp,quality_level,is_night
/Users/henrysze/Library/CloudStorage/OneDrive-TheHongKongPolytechnicUniversity/Y4_SEM1/FYP/Images_VisDrone2019/0000006_00159_d_0000001.jpg,1,"building,infrastructure,road,vegetation,vehicle",2025-10-24T13:37:26.399895,,0
/Users/henrysze/Library/CloudStorage/OneDrive-TheHongKongPolytechnicUniversity/Y4_SEM1/FYP/Images_VisDrone2019/0000006_00611_d_0000002.jpg,0,"building,infrastructure,road,vegetation,vehicle",2025-10-24T13:41:27.688474,,0
/Users/henrysze/Library/CloudStorage/OneDrive-TheHongKongPolytechnicUniversity/Y4_SEM1/FYP/Images_VisDrone2019/0000006_01111_d_0000003.jpg,0,"road,vegetation,vehicle",2025-10-24T13:41:48.431184,,0
/Users/henrysze/Library/CloudStorage/OneDrive-TheHongKongPolytechnicUniversity/Y4_SEM1/FYP/Images_VisDrone2019/0000006_01275_d_0000004.jpg,1,"building,vegetation,vehicle",2025-10-24T13:43:14.432466,,0
/Users/henrysze/Library/CloudStorage/OneDrive-TheHongKongPolytechnicUniversity/Y4_SEM1/FYP/Images_VisDrone2019/0000006_01659_d_0000004.jpg,0,"building,vegetation,vehicle",2025-10-24T13:43:24.980224,,0
/Users/henrysze/Library/CloudStorage/OneDrive-TheHongKongPolytechnicUniversity/Y4_SEM1/FYP/Images_VisDrone2019/0000006_02138_d_0000006.jpg,0,"vegetation,vehicle",2025-10-24T13:43:32.374852,,0
/Users/henrysze/Library/CloudStorage/OneDrive-TheHongKongPolytechnicUniversity/Y4_SEM1/FYP/Images_VisDrone2019/0000006_02616_d_0000007.jpg,0,"vegetation,vehicle",2025-10-24T13:43:35.405910,,0
/Users/henrysze/Library/CloudStorage/OneDrive-TheHongKongPolytechnicUniversity/Y4_SEM1/FYP/Images_VisDrone2019/0000006_03636_d_0000009.jpg,0,"vegetation,vehicle",2025-10-24T13:43:38.438059,,0
/Users/henrysze/Library/CloudStorage/OneDrive-TheHongKongPolytechnicUniversity/Y4_SEM1/FYP/Images_VisDrone2019/0000006_04050_d_0000010.jpg,0,"road,vegetation,vehicle",2025-10-24T13:43:43.707087,,0
/Users/henrysze/Library/CloudStorage/OneDrive-TheHongKongPolytechnicUniversity/Y4_SEM1/FYP/Images_VisDrone2019/0000006_04309_d_0000011.jpg,0,"road,vegetation,vehicle",2025-10-24T13:43:47.055343,,0
/Users/henrysze/Library/CloudStorage/OneDrive-TheHongKongPolytechnicUniversity/Y4_SEM1/FYP/Images_VisDrone2019/0000006_05168_d_0000013.jpg,0,"road,vegetation,vehicle",2025-10-24T13:43:50.473290,,0
/Users/henrysze/Library/CloudStorage/OneDrive-TheHongKongPolytechnicUniversity/Y4_SEM1/FYP/Images_VisDrone2019/0000006_05208_d_0000014.jpg,0,"vegetation,vehicle",2025-10-24T13:43:54.168004,,0
/Users/henrysze/Library/CloudStorage/OneDrive-TheHongKongPolytechnicUniversity/Y4_SEM1/FYP/Images_VisDrone2019/0000006_05575_d_0000016.jpg,0,vehicle,2025-10-24T13:43:58.470061,,0
/Users/henrysze/Library/CloudStorage/OneDrive-TheHongKongPolytechnicUniversity/Y4_SEM1/FYP/Images_VisDrone2019/0000006_05999_d_0000017.jpg,0,"vegetation,vehicle",2025-10-24T13:44:00.076171,,0
/Users/henrysze/Library/CloudStorage/OneDrive-TheHongKongPolytechnicUniversity/Y4_SEM1/FYP/Images_VisDrone2019/0000006_06773_d_0000018.jpg,0,"road,vegetation,vehicle",2025-10-24T13:44:04.838848,,0
/Users/henrysze/Library/CloudStorage/OneDrive-TheHongKongPolytechnicUniversity/Y4_SEM1/FYP/Images_VisDrone2019/0000006_07596_d_0000020.jpg,0,"building,road,vegetation,vehicle",2025-10-24T13:44:12.171035,,0
/Users/henrysze/Library/CloudStorage/OneDrive-TheHongKongPolytechnicUniversity/Y4_SEM1/FYP/Images_VisDrone2019/0000011_00234_d_0000001.jpg,0,"building,road,vegetation,vehicle",2025-10-24T13:44:19.679303,,0
/Users/henrysze/Library/CloudStorage/OneDrive-TheHongKongPolytechnicUniversity/Y4_SEM1/FYP/Images_VisDrone2019/0000011_01955_d_0000004.jpg,0,"building,road,vegetation,vehicle",2025-10-24T13:44:29.156525,,0
/Users/henrysze/Library/CloudStorage/OneDrive-TheHongKongPolytechnicUniversity/Y4_SEM1/FYP/Images_VisDrone2019/0000011_02800_d_0000005.jpg,0,"building,road,vegetation,vehicle",2025-10-24T13:44:36.951782,,0
/Users/henrysze/Library/CloudStorage/OneDrive-TheHongKongPolytechnicUniversity/Y4_SEM1/FYP/Images_VisDrone2019/0000011_04202_d_0000007.jpg,0,"vegetation,vehicle",2025-10-24T13:44:41.531702,,0
/Users/henrysze/Library/CloudStorage/OneDrive-TheHongKongPolytechnicUniversity/Y4_SEM1/FYP/Images_VisDrone2019/0000011_05068_d_0000008.jpg,0,"person_animal,vegetation,vehicle",2025-10-24T13:47:56.475386,,0
/Users/henrysze/Library/CloudStorage/OneDrive-TheHongKongPolytechnicUniversity/Y4_SEM1/FYP/Images_VisDrone2019/0000011_06000_d_0000009.jpg,0,"person_animal,road,vegetation,vehicle",2025-10-24T13:48:08.527503,,0
/Users/henrysze/Library/CloudStorage/OneDrive-TheHongKongPolytechnicUniversity/Y4_SEM1/FYP/Images_VisDrone2019/0000011_06595_d_0000010.jpg,0,"person_animal,vegetation,vehicle",2025-10-24T13:48:13.645718,,0
/Users/henrysze/Library/CloudStorage/OneDrive-TheHongKongPolytechnicUniversity/Y4_SEM1/FYP/Images_VisDrone2019/0000011_07307_d_0000011.jpg,0,"person_animal,vegetation,vehicle",2025-10-24T13:48:18.356825,,0
/Users/henrysze/Library/CloudStorage/OneDrive-TheHongKongPolytechnicUniversity/Y4_SEM1/FYP/Images_VisDrone2019/0000063_05000_d_0000006.jpg,0,"person_animal,vegetation",2025-10-24T13:48:22.305122,,0
/Users/henrysze/Library/CloudStorage/OneDrive-TheHongKongPolytechnicUniversity/Y4_SEM1/FYP/Images_VisDrone2019/0000073_00377_d_0000001.jpg,0,"building,person_animal,road,vegetation,vehicle",2025-10-24T13:48:27.460711,,0
/Users/henrysze/Library/CloudStorage/OneDrive-TheHongKongPolytechnicUniversity/Y4_SEM1/FYP/Images_VisDrone2019/0000073_01275_d_0000002.jpg,0,"building,person_animal,road",2025-10-24T13:48:35.787550,,0
/Users/henrysze/Library/CloudStorage/OneDrive-TheHongKongPolytechnicUniversity/Y4_SEM1/FYP/Images_VisDrone2019/0000073_03155_d_0000004.jpg,0,"building,person_animal,road",2025-10-24T13:48:43.386196,,0
/Users/henrysze/Library/CloudStorage/OneDrive-TheHongKongPolytechnicUniversity/Y4_SEM1/FYP/Images_VisDrone2019/0000073_04009_d_0000005.jpg,0,"building,person_animal,road,vegetation",2025-10-24T13:48:51.633291,,0
/Users/henrysze/Library/CloudStorage/OneDrive-TheHongKongPolytechnicUniversity/Y4_SEM1/FYP/Images_VisDrone2019/0000073_05010_d_0000006.jpg,0,"building,person_animal,road",2025-10-24T13:48:58.221165,,0
/Users/henrysze/Library/CloudStorage/OneDrive-TheHongKongPolytechnicUniversity/Y4_SEM1/FYP/Images_VisDrone2019/0000073_05999_d_0000007.jpg,0,"building,person_animal,road",2025-10-25T01:20:15.755823,high,0
/Users/henrysze/Library/CloudStorage/OneDrive-TheHongKongPolytechnicUniversity/Y4_SEM1/FYP/Images_VisDrone2019/0000074_02723_d_0000005.jpg,1,"building,person_animal,road",2025-10-25T01:20:35.700158,high,0
/Users/henrysze/Library/CloudStorage/OneDrive-TheHongKongPolytechnicUniversity/Y4_SEM1/FYP/Images_VisDrone2019/0000074_03738_d_0000007.jpg,1,"building,person_animal,road",2025-10-25T01:20:44.614019,high,0
/Users/henrysze/Library/CloudStorage/OneDrive-TheHongKongPolytechnicUniversity/Y4_SEM1/FYP/Images_VisDrone2019/0000074_05715_d_0000011.jpg,1,"building,person_animal,road,vehicle",2025-10-25T01:20:55.082491,high,0
/Users/henrysze/Library/CloudStorage/OneDrive-TheHongKongPolytechnicUniversity/Y4_SEM1/FYP/Images_VisDrone2019/0000074_06746_d_0000013.jpg,0,"building,person_animal,road,vehicle",2025-10-25T01:21:48.615175,high,0
/Users/henrysze/Library/CloudStorage/OneDrive-TheHongKongPolytechnicUniversity/Y4_SEM1/FYP/Images_VisDrone2019/0000074_07297_d_0000014.jpg,0,"building,person_animal,road,vehicle",2025-10-25T01:21:54.775576,high,0
/Users/henrysze/Library/CloudStorage/OneDrive-TheHongKongPolytechnicUniversity/Y4_SEM1/FYP/Images_VisDrone2019/0000074_07850_d_0000015.jpg,0,"building,person_animal,road,vehicle",2025-10-25T01:22:02.155705,high,0
/Users/henrysze/Library/CloudStorage/OneDrive-TheHongKongPolytechnicUniversity/Y4_SEM1/FYP/Images_VisDrone2019/0000074_08202_d_0000016.jpg,0,"building,person_animal,road,vehicle",2025-10-25T01:22:10.385798,high,0
/Users/henrysze/Library/CloudStorage/OneDrive-TheHongKongPolytechnicUniversity/Y4_SEM1/FYP/Images_VisDrone2019/0000074_09738_d_0000019.jpg,0,"building,person_animal,road,vehicle",2025-10-25T01:22:14.783224,high,0
/Users/henrysze/Library/CloudStorage/OneDrive-TheHongKongPolytechnicUniversity/Y4_SEM1/FYP/Images_VisDrone2019/0000074_10218_d_0000020.jpg,1,"building,person_animal,road,vehicle",2025-10-25T01:22:20.043448,high,0
/Users/henrysze/Library/CloudStorage/OneDrive-TheHongKongPolytechnicUniversity/Y4_SEM1/FYP/Images_VisDrone2019/0000074_10730_d_0000021.jpg,1,"building,person_animal,road,vehicle",2025-10-25T01:22:22.655641,high,0
/Users/henrysze/Library/CloudStorage/OneDrive-TheHongKongPolytechnicUniversity/Y4_SEM1/FYP/Images_VisDrone2019/0000074_11362_d_0000022.jpg,1,"building,person_animal,road,vehicle",2025-10-25T01:22:27.141069,high,0
/Users/henrysze/Library/CloudStorage/OneDrive-TheHongKongPolytechnicUniversity/Y4_SEM1/FYP/Images_VisDrone2019/0000074_11827_d_0000023.jpg,0,"building,person_animal,road,vehicle",2025-10-25T01:22:35.528219,high,0
/Users/henrysze/Library/CloudStorage/OneDrive-TheHongKongPolytechnicUniversity/Y4_SEM1/FYP/Images_VisDrone2019/0000074_12322_d_0000024.jpg,1,"building,person_animal,road",2025-10-25T01:22:40.071887,high,0
/Users/henrysze/Library/CloudStorage/OneDrive-TheHongKongPolytechnicUniversity/Y4_SEM1/FYP/Images_VisDrone2019/0000074_13313_d_0000026.jpg,0,"building,person_animal,road,vehicle",2025-10-25T01:22:45.573240,high,0
/Users/henrysze/Library/CloudStorage/OneDrive-TheHongKongPolytechnicUniversity/Y4_SEM1/FYP/Images_VisDrone2019/0000074_15793_d_0000031.jpg,0,"building,person_animal,road",2025-10-25T01:31:30.734062,high,0
/Users/henrysze/Library/CloudStorage/OneDrive-TheHongKongPolytechnicUniversity/Y4_SEM1/FYP/Images_VisDrone2019/0000074_16210_d_0000032.jpg,1,"building,person_animal,road",2025-10-25T01:31:35.952804,high,0
/Users/henrysze/Library/CloudStorage/OneDrive-TheHongKongPolytechnicUniversity/Y4_SEM1/FYP/Images_VisDrone2019/0000078_00490_d_0000002.jpg,0,"building,road,vehicle",2025-10-25T01:31:47.425751,high,0
/Users/henrysze/Library/CloudStorage/OneDrive-TheHongKongPolytechnicUniversity/Y4_SEM1/FYP/Images_VisDrone2019/0000078_02363_d_0000007.jpg,0,"road,vehicle",2025-10-25T01:31:52.851853,high,0
/Users/henrysze/Library/CloudStorage/OneDrive-TheHongKongPolytechnicUniversity/Y4_SEM1/FYP/Images_VisDrone2019/0000078_02778_d_0000008.jpg,1,"building,road,vehicle",2025-10-25T01:32:00.659482,high,0
/Users/henrysze/Library/CloudStorage/OneDrive-TheHongKongPolytechnicUniversity/Y4_SEM1/FYP/Images_VisDrone2019/0000078_03171_d_0000009.jpg,1,"building,person_animal,road,vehicle",2025-10-25T01:32:08.269576,high,0
/Users/henrysze/Library/CloudStorage/OneDrive-TheHongKongPolytechnicUniversity/Y4_SEM1/FYP/Images_VisDrone2019/0000078_03315_d_0000010.jpg,0,"infrastructure,person_animal,vehicle",2025-10-25T01:32:16.867550,high,0
/Users/henrysze/Library/CloudStorage/OneDrive-TheHongKongPolytechnicUniversity/Y4_SEM1/FYP/Images_VisDrone2019/0000078_03810_d_0000011.jpg,0,"person_animal,vehicle",2025-10-25T01:32:23.736207,high,0
/Users/henrysze/Library/CloudStorage/OneDrive-TheHongKongPolytechnicUniversity/Y4_SEM1/FYP/Images_VisDrone2019/0000078_04210_d_0000012.jpg,0,"person_animal,vehicle",2025-10-25T01:33:01.453253,high,0
/Users/henrysze/Library/CloudStorage/OneDrive-TheHongKongPolytechnicUniversity/Y4_SEM1/FYP/Images_VisDrone2019/0000078_04546_d_0000013.jpg,0,"person_animal,vehicle",2025-10-25T01:33:04.342763,high,0
/Users/henrysze/Library/CloudStorage/OneDrive-TheHongKongPolytechnicUniversity/Y4_SEM1/FYP/Images_VisDrone2019/0000078_05467_d_0000015.jpg,0,"person_animal,vehicle",2025-10-25T01:33:05.584878,high,0
/Users/henrysze/Library/CloudStorage/OneDrive-TheHongKongPolytechnicUniversity/Y4_SEM1/FYP/Images_VisDrone2019/0000078_05939_d_0000016.jpg,0,"person_animal,vehicle",2025-10-25T01:33:06.650396,high,0
/Users/henrysze/Library/CloudStorage/OneDrive-TheHongKongPolytechnicUniversity/Y4_SEM1/FYP/Images_VisDrone2019/0000078_06777_d_0000020.jpg,0,"person_animal,vehicle",2025-10-25T01:33:07.543202,high,0
/Users/henrysze/Library/CloudStorage/OneDrive-TheHongKongPolytechnicUniversity/Y4_SEM1/FYP/Images_VisDrone2019/0000083_00803_d_0000003.jpg,1,"infrastructure,person_animal,vegetation",2025-10-25T01:34:34.293139,high,0
/Users/henrysze/Library/CloudStorage/OneDrive-TheHongKongPolytechnicUniversity/Y4_SEM1/FYP/Images_VisDrone2019/0000087_00299_d_0000002.jpg,0,"infrastructure,person_animal",2025-10-25T12:05:09.458208,high,0
/Users/henrysze/Library/CloudStorage/OneDrive-TheHongKongPolytechnicUniversity/Y4_SEM1/FYP/Images_VisDrone2019/0000087_00700_d_0000003.jpg,0,"infrastructure,person_animal",2025-10-25T12:05:15.677297,high,0
/Users/henrysze/Library/CloudStorage/OneDrive-TheHongKongPolytechnicUniversity/Y4_SEM1/FYP/Images_VisDrone2019/0000087_01140_d_0000004.jpg,0,"infrastructure,person_animal",2025-10-25T12:05:17.119100,high,0
/Users/henrysze/Library/CloudStorage/OneDrive-TheHongKongPolytechnicUniversity/Y4_SEM1/FYP/Images_VisDrone2019/0000087_01580_d_0000005.jpg,1,"infrastructure,person_animal",2025-10-25T12:05:19.338079,high,0
/Users/henrysze/Library/CloudStorage/OneDrive-TheHongKongPolytechnicUniversity/Y4_SEM1/FYP/Images_VisDrone2019/0000105_01748_d_0000070.jpg,0,"building,road,vegetation,vehicle",2025-10-25T12:06:06.966115,high,0
/Users/henrysze/Library/CloudStorage/OneDrive-TheHongKongPolytechnicUniversity/Y4_SEM1/FYP/Images_VisDrone2019/0000105_02201_d_0000071.jpg,1,"building,road,vegetation,vehicle",2025-10-25T12:06:13.562494,high,0
/Users/henrysze/Library/CloudStorage/OneDrive-TheHongKongPolytechnicUniversity/Y4_SEM1/FYP/Images_VisDrone2019/0000105_02539_d_0000072.jpg,1,"building,road,vegetation,vehicle",2025-10-25T12:06:17.136190,high,0
/Users/henrysze/Library/CloudStorage/OneDrive-TheHongKongPolytechnicUniversity/Y4_SEM1/FYP/Images_VisDrone2019/0000105_02747_d_0000073.jpg,0,"building,road,vegetation,vehicle",2025-10-25T12:06:23.571571,high,0
/Users/henrysze/Library/CloudStorage/OneDrive-TheHongKongPolytechnicUniversity/Y4_SEM1/FYP/Images_VisDrone2019/0000120_00559_d_0000092.jpg,1,"building,road,vegetation,vehicle",2025-10-25T12:06:36.071833,high,0
/Users/henrysze/Library/CloudStorage/OneDrive-TheHongKongPolytechnicUniversity/Y4_SEM1/FYP/Images_VisDrone2019/0000120_01392_d_0000094.jpg,0,"building,road,vegetation,vehicle",2025-10-25T12:06:40.786455,high,0
/Users/henrysze/Library/CloudStorage/OneDrive-TheHongKongPolytechnicUniversity/Y4_SEM1/FYP/Images_VisDrone2019/0000120_01535_d_0000095.jpg,0,"road,vehicle",2025-10-25T12:06:46.357165,high,0
/Users/henrysze/Library/CloudStorage/OneDrive-TheHongKongPolytechnicUniversity/Y4_SEM1/FYP/Images_VisDrone2019/0000120_02001_d_0000096.jpg,0,"building,person_animal,road,vegetation,vehicle",2025-10-25T12:06:58.040666,high,0
/Users/henrysze/Library/CloudStorage/OneDrive-TheHongKongPolytechnicUniversity/Y4_SEM1/FYP/Images_VisDrone2019/0000120_04920_d_0000102.jpg,0,"building,person_animal,road,vegetation,vehicle",2025-10-25T12:07:01.405229,high,0
/Users/henrysze/Library/CloudStorage/OneDrive-TheHongKongPolytechnicUniversity/Y4_SEM1/FYP/Images_VisDrone2019/0000127_00002_d_0000119.jpg,0,"building,road,vegetation,vehicle",2025-10-27T20:06:28.072315,high,0
/Users/henrysze/Library/CloudStorage/OneDrive-TheHongKongPolytechnicUniversity/Y4_SEM1/FYP/Images_VisDrone2019/0000127_00265_d_0000120.jpg,0,"building,person_animal,road,vegetation,vehicle",2025-10-27T20:06:32.701815,high,0
/Users/henrysze/Library/CloudStorage/OneDrive-TheHongKongPolytechnicUniversity/Y4_SEM1/FYP/Images_VisDrone2019/0000127_01002_d_0000123.jpg,0,"building,person_animal,road,vegetation,vehicle",2025-10-27T20:06:36.878767,high,0
/Users/henrysze/Library/CloudStorage/OneDrive-TheHongKongPolytechnicUniversity/Y4_SEM1/FYP/Images_VisDrone2019/0000152_03226_d_0000153.jpg,0,"building,road,vegetation,vehicle",2025-10-27T20:17:41.443305,high,0
/Users/henrysze/Library/CloudStorage/OneDrive-TheHongKongPolytechnicUniversity/Y4_SEM1/FYP/Images_VisDrone2019/0000265_04500_d_0000010.jpg,0,"building,person_animal,road,vegetation,vehicle",2025-10-27T12:46:30.668732,high,0
/Users/henrysze/Library/CloudStorage/OneDrive-TheHongKongPolytechnicUniversity/Y4_SEM1/FYP/Images_VisDrone2019/0000272_01500_d_0000004.jpg,0,"building,road,vegetation,vehicle",2025-10-27T20:32:44.937551,high,0
/Users/henrysze/Library/CloudStorage/OneDrive-TheHongKongPolytechnicUniversity/Y4_SEM1/FYP/Images_VisDrone2019/0000272_02000_d_0000005.jpg,0,"building,road,vegetation,vehicle",2025-10-27T20:32:47.778926,high,0
/Users/henrysze/Library/CloudStorage/OneDrive-TheHongKongPolytechnicUniversity/Y4_SEM1/FYP/Images_VisDrone2019/0000278_02251_d_0000001.jpg,0,"building,person_animal,road,vehicle",2025-10-27T12:47:35.920497,high,0
/Users/henrysze/Library/CloudStorage/OneDrive-TheHongKongPolytechnicUniversity/Y4_SEM1/FYP/Images_VisDrone2019/0000282_00000_d_0000001.jpg,0,"road,vegetation,vehicle",2025-10-27T20:32:53.971503,high,0
/Users/henrysze/Library/CloudStorage/OneDrive-TheHongKongPolytechnicUniversity/Y4_SEM1/FYP/Images_VisDrone2019/0000294_00000_d_0000053.jpg,0,"building,person_animal,road,vehicle",2025-10-27T12:48:10.262787,high,0
/Users/henrysze/Library/CloudStorage/OneDrive-TheHongKongPolytechnicUniversity/Y4_SEM1/FYP/Images_VisDrone2019/0000298_00000_d_0000070.jpg,0,"building,person_animal,road,vegetation,vehicle",2025-10-27T12:48:19.410539,high,0
/Users/henrysze/Library/CloudStorage/OneDrive-TheHongKongPolytechnicUniversity/Y4_SEM1/FYP/Images_VisDrone2019/0000299_00000_d_0000088.jpg,0,"building,person_animal,road,vegetation,vehicle",2025-10-27T12:48:31.068029,high,0
/Users/henrysze/Library/CloudStorage/OneDrive-TheHongKongPolytechnicUniversity/Y4_SEM1/FYP/Images_VisDrone2019/0000299_01200_d_0000096.jpg,0,"building,person_animal,road,vegetation,vehicle",2025-10-27T12:48:39.500004,high,0
/Users/henrysze/Library/CloudStorage/OneDrive-TheHongKongPolytechnicUniversity/Y4_SEM1/FYP/Images_VisDrone2019/0000299_01650_d_0000099.jpg,0,"building,road,vegetation,vehicle",2025-10-27T20:34:05.555942,high,0
/Users/henrysze/Library/CloudStorage/OneDrive-TheHongKongPolytechnicUniversity/Y4_SEM1/FYP/Images_VisDrone2019/0000299_01800_d_0000100.jpg,0,"building,road,vegetation,vehicle",2025-10-27T20:34:09.361702,high,0
/Users/henrysze/Library/CloudStorage/OneDrive-TheHongKongPolytechnicUniversity/Y4_SEM1/FYP/Images_VisDrone2019/0000299_02500_d_0000102.jpg,0,"building,road,vegetation,vehicle",2025-10-27T20:34:15.055240,high,0
/Users/henrysze/Library/CloudStorage/OneDrive-TheHongKongPolytechnicUniversity/Y4_SEM1/FYP/Images_VisDrone2019/0000299_03500_d_0000104.jpg,0,"building,road,vegetation,vehicle",2025-10-27T20:34:21.318013,high,0
/Users/henrysze/Library/CloudStorage/OneDrive-TheHongKongPolytechnicUniversity/Y4_SEM1/FYP/Images_VisDrone2019/0000299_04000_d_0000105.jpg,0,"building,person_animal,road,vegetation,vehicle",2025-10-27T12:49:12.775104,high,0
/Users/henrysze/Library/CloudStorage/OneDrive-TheHongKongPolytechnicUniversity/Y4_SEM1/FYP/Images_VisDrone2019/0000299_05500_d_0000108.jpg,0,"building,road,vegetation,vehicle",2025-10-27T20:34:36.460993,high,0
/Users/henrysze/Library/CloudStorage/OneDrive-TheHongKongPolytechnicUniversity/Y4_SEM1/FYP/Images_VisDrone2019/0000302_03866_d_0000117.jpg,0,"building,road,vegetation,vehicle",2025-10-27T20:36:43.391039,high,0
/Users/henrysze/Library/CloudStorage/OneDrive-TheHongKongPolytechnicUniversity/Y4_SEM1/FYP/Images_VisDrone2019/0000310_02500_d_0000123.jpg,0,"building,road,vegetation,vehicle",2025-10-27T20:36:50.803791,high,0
/Users/henrysze/Library/CloudStorage/OneDrive-TheHongKongPolytechnicUniversity/Y4_SEM1/FYP/Images_VisDrone2019/0000310_03500_d_0000125.jpg,0,"person_animal,road,vegetation,vehicle",2025-10-27T20:36:59.636354,high,0
/Users/henrysze/Library/CloudStorage/OneDrive-TheHongKongPolytechnicUniversity/Y4_SEM1/FYP/Images_VisDrone2019/0000310_04000_d_0000126.jpg,0,"building,person_animal,road,vegetation,vehicle",2025-10-27T20:37:04.676592,high,0
/Users/henrysze/Library/CloudStorage/OneDrive-TheHongKongPolytechnicUniversity/Y4_SEM1/FYP/Images_VisDrone2019/0000310_05822_d_0000130.jpg,0,"building,person_animal,road,vegetation,vehicle",2025-10-27T20:37:07.254884,high,0
/Users/henrysze/Library/CloudStorage/OneDrive-TheHongKongPolytechnicUniversity/Y4_SEM1/FYP/Images_VisDrone2019/0000314_00000_d_0000142.jpg,0,"building,person_animal,road,vegetation,vehicle",2025-10-27T20:37:13.013817,high,0
/Users/henrysze/Library/CloudStorage/OneDrive-TheHongKongPolytechnicUniversity/Y4_SEM1/FYP/Images_VisDrone2019/0000314_00500_d_0000143.jpg,0,"building,person_animal,road,vegetation,vehicle",2025-10-27T20:37:21.304576,high,0
/Users/henrysze/Library/CloudStorage/OneDrive-TheHongKongPolytechnicUniversity/Y4_SEM1/FYP/Images_VisDrone2019/0000314_01000_d_0000144.jpg,0,"person_animal,road,vegetation,vehicle",2025-10-27T20:37:28.694116,high,0
/Users/henrysze/Library/CloudStorage/OneDrive-TheHongKongPolytechnicUniversity/Y4_SEM1/FYP/Images_VisDrone2019/0000314_01500_d_0000145.jpg,0,"person_animal,road,vegetation,vehicle",2025-10-27T20:37:52.900915,high,0
/Users/henrysze/Library/CloudStorage/OneDrive-TheHongKongPolytechnicUniversity/Y4_SEM1/FYP/Images_VisDrone2019/0000314_01908_d_0000146.jpg,0,"person_animal,road,vegetation,vehicle",2025-10-27T20:37:58.394779,high,0
/Users/henrysze/Library/CloudStorage/OneDrive-TheHongKongPolytechnicUniversity/Y4_SEM1/FYP/Images_VisDrone2019/0000320_00150_d_0000003.jpg,1,"building,person_animal,road,vegetation,vehicle",2025-10-27T20:38:02.965626,high,0
/Users/henrysze/Library/CloudStorage/OneDrive-TheHongKongPolytechnicUniversity/Y4_SEM1/FYP/Images_VisDrone2019/0000320_00300_d_0000004.jpg,0,"person_animal,road,vegetation,vehicle",2025-10-27T12:51:38.766739,high,0
/Users/henrysze/Library/CloudStorage/OneDrive-TheHongKongPolytechnicUniversity/Y4_SEM1/FYP/Images_VisDrone2019/0000320_00450_d_0000005.jpg,0,"road,vehicle",2025-10-27T12:51:46.021533,high,0
/Users/henrysze/Library/CloudStorage/OneDrive-TheHongKongPolytechnicUniversity/Y4_SEM1/FYP/Images_VisDrone2019/0000320_00600_d_0000006.jpg,0,"person_animal,road,vegetation,vehicle",2025-10-27T12:51:50.444723,high,0
/Users/henrysze/Library/CloudStorage/OneDrive-TheHongKongPolytechnicUniversity/Y4_SEM1/FYP/Images_VisDrone2019/0000320_00750_d_0000007.jpg,0,"person_animal,road,vegetation,vehicle",2025-10-27T12:51:52.831005,high,0
/Users/henrysze/Library/CloudStorage/OneDrive-TheHongKongPolytechnicUniversity/Y4_SEM1/FYP/Images_VisDrone2019/0000320_00900_d_0000008.jpg,0,"person_animal,road,vehicle",2025-10-27T12:52:00.493535,high,0
/Users/henrysze/Library/CloudStorage/OneDrive-TheHongKongPolytechnicUniversity/Y4_SEM1/FYP/Images_VisDrone2019/0000320_01050_d_0000009.jpg,1,"person_animal,road,vegetation,vehicle",2025-10-27T12:52:03.385837,high,0
/Users/henrysze/Library/CloudStorage/OneDrive-TheHongKongPolytechnicUniversity/Y4_SEM1/FYP/Images_VisDrone2019/0000320_01200_d_0000010.jpg,1,"person_animal,road,vegetation,vehicle",2025-10-27T12:52:05.766193,high,0
/Users/henrysze/Library/CloudStorage/OneDrive-TheHongKongPolytechnicUniversity/Y4_SEM1/FYP/Images_VisDrone2019/0000320_03950_d_0000011.jpg,1,"building,person_animal,road,vegetation,vehicle",2025-10-27T12:52:14.843768,high,0
/Users/henrysze/Library/CloudStorage/OneDrive-TheHongKongPolytechnicUniversity/Y4_SEM1/FYP/Images_VisDrone2019/0000320_04050_d_0000012.jpg,0,"person_animal,road,vegetation,vehicle",2025-10-27T12:52:20.337953,high,0
/Users/henrysze/Library/CloudStorage/OneDrive-TheHongKongPolytechnicUniversity/Y4_SEM1/FYP/Images_VisDrone2019/0000320_04200_d_0000013.jpg,1,"building,person_animal,road,vegetation,vehicle",2025-10-27T12:52:29.444949,high,0
/Users/henrysze/Library/CloudStorage/OneDrive-TheHongKongPolytechnicUniversity/Y4_SEM1/FYP/Images_VisDrone2019/0000320_04375_d_0000014.jpg,0,"road,vegetation,vehicle",2025-10-27T12:52:35.741589,high,0
/Users/henrysze/Library/CloudStorage/OneDrive-TheHongKongPolytechnicUniversity/Y4_SEM1/FYP/Images_VisDrone2019/0000321_00000_d_0000015.jpg,1,"building,road,vegetation,vehicle",2025-10-27T12:52:42.042519,high,0
/Users/henrysze/Library/CloudStorage/OneDrive-TheHongKongPolytechnicUniversity/Y4_SEM1/FYP/Images_VisDrone2019/0000321_00268_d_0000016.jpg,0,"building,person_animal,road,vegetation,vehicle",2025-10-27T12:52:46.658155,high,0
/Users/henrysze/Library/CloudStorage/OneDrive-TheHongKongPolytechnicUniversity/Y4_SEM1/FYP/Images_VisDrone2019/0000328_00150_d_0000019.jpg,0,"building,road,vegetation,vehicle",2025-10-27T12:52:54.749974,high,0
/Users/henrysze/Library/CloudStorage/OneDrive-TheHongKongPolytechnicUniversity/Y4_SEM1/FYP/Images_VisDrone2019/0000328_00300_d_0000020.jpg,0,"building,person_animal,road,vegetation,vehicle",2025-10-27T12:52:58.296823,high,0
/Users/henrysze/Library/CloudStorage/OneDrive-TheHongKongPolytechnicUniversity/Y4_SEM1/FYP/Images_VisDrone2019/0000328_00600_d_0000022.jpg,0,"building,person_animal,road,vegetation,vehicle",2025-10-27T12:53:03.545029,high,0
/Users/henrysze/Library/CloudStorage/OneDrive-TheHongKongPolytechnicUniversity/Y4_SEM1/FYP/Images_VisDrone2019/0000337_00500_d_0000037.jpg,0,"person_animal,road,vegetation,vehicle",2025-10-27T12:53:11.960242,high,0
/Users/henrysze/Library/CloudStorage/OneDrive-TheHongKongPolytechnicUniversity/Y4_SEM1/FYP/Images_VisDrone2019/0000337_01000_d_0000038.jpg,0,"building,person_animal,road,vegetation,vehicle",2025-10-27T12:53:15.899795,high,0
/Users/henrysze/Library/CloudStorage/OneDrive-TheHongKongPolytechnicUniversity/Y4_SEM1/FYP/Images_VisDrone2019/0000337_01500_d_0000039.jpg,0,"building,person_animal,road,vegetation,vehicle",2025-10-27T12:53:18.127654,high,0
/Users/henrysze/Library/CloudStorage/OneDrive-TheHongKongPolytechnicUniversity/Y4_SEM1/FYP/Images_VisDrone2019/0000337_03000_d_0000042.jpg,0,"building,person_animal,road,vegetation,vehicle",2025-10-27T12:53:26.066258,high,0
/Users/henrysze/Library/CloudStorage/OneDrive-TheHongKongPolytechnicUniversity/Y4_SEM1/FYP/Images_VisDrone2019/0000353_00000_d_0000188.jpg,0,"building,person_animal,road,vegetation,vehicle",2025-10-27T12:53:51.357780,high,0
/Users/henrysze/Library/CloudStorage/OneDrive-TheHongKongPolytechnicUniversity/Y4_SEM1/FYP/Images_VisDrone2019/0000353_00500_d_0000189.jpg,0,"building,person_animal,road,vegetation,vehicle",2025-10-27T12:53:56.318441,high,0
/Users/henrysze/Library/CloudStorage/OneDrive-TheHongKongPolytechnicUniversity/Y4_SEM1/FYP/Images_VisDrone2019/0000353_01000_d_0000190.jpg,0,"building,person_animal,road,vegetation,vehicle",2025-10-27T12:54:00.283637,high,0
/Users/henrysze/Library/CloudStorage/OneDrive-TheHongKongPolytechnicUniversity/Y4_SEM1/FYP/Images_VisDrone2019/0000353_01500_d_0000191.jpg,0,"building,person_animal,road,vegetation,vehicle",2025-10-27T12:54:13.664386,high,0
/Users/henrysze/Library/CloudStorage/OneDrive-TheHongKongPolytechnicUniversity/Y4_SEM1/FYP/Images_VisDrone2019/0000353_02000_d_0000192.jpg,0,"building,person_animal,road,vegetation,vehicle",2025-10-27T12:54:16.937808,high,0
/Users/henrysze/Library/CloudStorage/OneDrive-TheHongKongPolytechnicUniversity/Y4_SEM1/FYP/Images_VisDrone2019/0000353_04500_d_0000197.jpg,0,"building,road,vegetation,vehicle",2025-10-27T13:02:18.126173,high,0
/Users/henrysze/Library/CloudStorage/OneDrive-TheHongKongPolytechnicUniversity/Y4_SEM1/FYP/Images_VisDrone2019/0000353_05000_d_0000198.jpg,0,"building,road,vegetation,vehicle",2025-10-27T13:02:20.985571,high,0
/Users/henrysze/Library/CloudStorage/OneDrive-TheHongKongPolytechnicUniversity/Y4_SEM1/FYP/Images_VisDrone2019/0000353_05500_d_0000199.jpg,0,"building,road,vegetation,vehicle",2025-10-27T13:02:25.254642,high,0
/Users/henrysze/Library/CloudStorage/OneDrive-TheHongKongPolytechnicUniversity/Y4_SEM1/FYP/Images_VisDrone2019/0000355_00000_d_0000206.jpg,0,"building,person_animal,road,vegetation",2025-10-27T13:02:42.031832,high,0
/Users/henrysze/Library/CloudStorage/OneDrive-TheHongKongPolytechnicUniversity/Y4_SEM1/FYP/Images_VisDrone2019/0000355_01000_d_0000208.jpg,0,"building,person_animal,road,vegetation",2025-10-27T13:02:44.823124,high,0
/Users/henrysze/Library/CloudStorage/OneDrive-TheHongKongPolytechnicUniversity/Y4_SEM1/FYP/Images_VisDrone2019/0000355_02500_d_0000211.jpg,1,"building,road,vegetation,vehicle",2025-10-27T13:02:56.161639,high,0
/Users/henrysze/Library/CloudStorage/OneDrive-TheHongKongPolytechnicUniversity/Y4_SEM1/FYP/Images_VisDrone2019/0000369_00500_d_0000242.jpg,0,"road,vehicle",2025-10-27T13:03:05.346930,high,0
/Users/henrysze/Library/CloudStorage/OneDrive-TheHongKongPolytechnicUniversity/Y4_SEM1/FYP/Images_VisDrone2019/0000369_02000_d_0000245.jpg,0,"road,vehicle",2025-10-27T13:03:09.047289,high,0
/Users/henrysze/Library/CloudStorage/OneDrive-TheHongKongPolytechnicUniversity/Y4_SEM1/FYP/Images_VisDrone2019/0000370_00000_d_0000250.jpg,1,"road,vegetation,vehicle",2025-10-27T13:03:15.135048,high,0
/Users/henrysze/Library/CloudStorage/OneDrive-TheHongKongPolytechnicUniversity/Y4_SEM1/FYP/Images_VisDrone2019/0000370_02000_d_0000254.jpg,1,"road,vegetation,vehicle",2025-10-27T13:03:23.616470,high,0
/Users/henrysze/Library/CloudStorage/OneDrive-TheHongKongPolytechnicUniversity/Y4_SEM1/FYP/Images_VisDrone2019/0000370_03000_d_0000256.jpg,1,"road,vegetation,vehicle",2025-10-27T13:03:28.129855,high,0
/Users/henrysze/Library/CloudStorage/OneDrive-TheHongKongPolytechnicUniversity/Y4_SEM1/FYP/Images_VisDrone2019/9999938_00000_d_0000001.jpg,0,"road,vegetation,vehicle",2025-10-27T13:03:40.010346,high,0
/Users/henrysze/Library/CloudStorage/OneDrive-TheHongKongPolytechnicUniversity/Y4_SEM1/FYP/Images_VisDrone2019/9999938_00000_d_0000002.jpg,0,"road,vegetation,vehicle",2025-10-27T13:03:43.001942,high,0
/Users/henrysze/Library/CloudStorage/OneDrive-TheHongKongPolytechnicUniversity/Y4_SEM1/FYP/Images_VisDrone2019/9999938_00000_d_0000003.jpg,0,"road,vegetation,vehicle",2025-10-27T13:03:45.364033,high,0
/Users/henrysze/Library/CloudStorage/OneDrive-TheHongKongPolytechnicUniversity/Y4_SEM1/FYP/Images_VisDrone2019/9999938_00000_d_0000004.jpg,0,"building,road,vegetation,vehicle",2025-10-27T13:03:51.166344,high,0
/Users/henrysze/Library/CloudStorage/OneDrive-TheHongKongPolytechnicUniversity/Y4_SEM1/FYP/Images_VisDrone2019/9999938_00000_d_0000006.jpg,0,"building,road,vegetation,vehicle",2025-10-27T13:04:14.741139,high,0
/Users/henrysze/Library/CloudStorage/OneDrive-TheHongKongPolytechnicUniversity/Y4_SEM1/FYP/Images_VisDrone2019/9999938_00000_d_0000007.jpg,0,"building,road,vegetation,vehicle",2025-10-27T13:04:19.613584,high,0
/Users/henrysze/Library/CloudStorage/OneDrive-TheHongKongPolytechnicUniversity/Y4_SEM1/FYP/Images_VisDrone2019/9999938_00000_d_0000008.jpg,0,"building,road,vegetation,vehicle",2025-10-27T13:04:25.462876,high,0
/Users/henrysze/Library/CloudStorage/OneDrive-TheHongKongPolytechnicUniversity/Y4_SEM1/FYP/Images_VisDrone2019/9999938_00000_d_0000009.jpg,0,"building,road,vegetation,vehicle",2025-10-27T13:04:31.308690,high,0
/Users/henrysze/Library/CloudStorage/OneDrive-TheHongKongPolytechnicUniversity/Y4_SEM1/FYP/Images_VisDrone2019/9999938_00000_d_0000012.jpg,0,"building,road,vegetation,vehicle",2025-10-27T13:04:44.511627,high,0
/Users/henrysze/Library/CloudStorage/OneDrive-TheHongKongPolytechnicUniversity/Y4_SEM1/FYP/Images_VisDrone2019/9999938_00000_d_0000013.jpg,0,"building,road,vegetation,vehicle",2025-10-27T13:04:46.283827,high,0
/Users/henrysze/Library/CloudStorage/OneDrive-TheHongKongPolytechnicUniversity/Y4_SEM1/FYP/Images_VisDrone2019/9999938_00000_d_0000014.jpg,0,"building,road,vegetation,vehicle",2025-10-27T13:04:49.176349,high,0
/Users/henrysze/Library/CloudStorage/OneDrive-TheHongKongPolytechnicUniversity/Y4_SEM1/FYP/Images_VisDrone2019/9999938_00000_d_0000015.jpg,0,"road,vegetation,vehicle",2025-10-27T13:04:51.884005,high,0
/Users/henrysze/Library/CloudStorage/OneDrive-TheHongKongPolytechnicUniversity/Y4_SEM1/FYP/Images_VisDrone2019/9999938_00000_d_0000017.jpg,0,"road,vegetation,vehicle",2025-10-27T13:05:10.249017,high,0
/Users/henrysze/Library/CloudStorage/OneDrive-TheHongKongPolytechnicUniversity/Y4_SEM1/FYP/Images_VisDrone2019/9999938_00000_d_0000018.jpg,0,"road,vegetation,vehicle",2025-10-27T13:05:16.171605,high,0
/Users/henrysze/Library/CloudStorage/OneDrive-TheHongKongPolytechnicUniversity/Y4_SEM1/FYP/Images_VisDrone2019/9999938_00000_d_0000021.jpg,0,"building,road,vegetation,vehicle",2025-10-27T13:05:23.254051,high,0
/Users/henrysze/Library/CloudStorage/OneDrive-TheHongKongPolytechnicUniversity/Y4_SEM1/FYP/Images_VisDrone2019/9999938_00000_d_0000024.jpg,0,"building,road,vegetation,vehicle",2025-10-27T13:05:37.951945,high,0
/Users/henrysze/Library/CloudStorage/OneDrive-TheHongKongPolytechnicUniversity/Y4_SEM1/FYP/Images_VisDrone2019/9999938_00000_d_0000025.jpg,0,"building,road,vegetation,vehicle",2025-10-27T13:05:39.887673,high,0
/Users/henrysze/Library/CloudStorage/OneDrive-TheHongKongPolytechnicUniversity/Y4_SEM1/FYP/Images_VisDrone2019/9999938_00000_d_0000026.jpg,0,"building,road,vegetation,vehicle",2025-10-27T13:05:47.073679,high,0
/Users/henrysze/Library/CloudStorage/OneDrive-TheHongKongPolytechnicUniversity/Y4_SEM1/FYP/Images_VisDrone2019/9999938_00000_d_0000027.jpg,0,"building,road,vegetation,vehicle",2025-10-27T13:05:50.629903,high,0
/Users/henrysze/Library/CloudStorage/OneDrive-TheHongKongPolytechnicUniversity/Y4_SEM1/FYP/Images_VisDrone2019/9999938_00000_d_0000028.jpg,0,"building,road,vegetation,vehicle",2025-10-27T13:06:06.384784,high,0
/Users/henrysze/Library/CloudStorage/OneDrive-TheHongKongPolytechnicUniversity/Y4_SEM1/FYP/Images_VisDrone2019/9999938_00000_d_0000029.jpg,0,"building,road,vegetation,vehicle",2025-10-27T13:06:09.137248,high,0
/Users/henrysze/Library/CloudStorage/OneDrive-TheHongKongPolytechnicUniversity/Y4_SEM1/FYP/Images_VisDrone2019/9999938_00000_d_0000031.jpg,0,"building,road,vegetation,vehicle",2025-10-27T13:06:23.898553,high,0
/Users/henrysze/Library/CloudStorage/OneDrive-TheHongKongPolytechnicUniversity/Y4_SEM1/FYP/Images_VisDrone2019/9999938_00000_d_0000032.jpg,0,"building,road,vegetation,vehicle",2025-10-27T13:06:30.126976,high,0
/Users/henrysze/Library/CloudStorage/OneDrive-TheHongKongPolytechnicUniversity/Y4_SEM1/FYP/Images_VisDrone2019/9999938_00000_d_0000033.jpg,0,"building,road,vegetation,vehicle",2025-10-27T13:06:32.737441,high,0
/Users/henrysze/Library/CloudStorage/OneDrive-TheHongKongPolytechnicUniversity/Y4_SEM1/FYP/Images_VisDrone2019/9999938_00000_d_0000034.jpg,0,"building,road,vegetation,vehicle",2025-10-27T13:06:35.064684,high,0
/Users/henrysze/Library/CloudStorage/OneDrive-TheHongKongPolytechnicUniversity/Y4_SEM1/FYP/Images_VisDrone2019/9999938_00000_d_0000035.jpg,0,"building,road,vegetation,vehicle",2025-10-27T13:06:39.347058,high,0
/Users/henrysze/Library/CloudStorage/OneDrive-TheHongKongPolytechnicUniversity/Y4_SEM1/FYP/Images_VisDrone2019/9999938_00000_d_0000036.jpg,0,"building,road,vegetation,vehicle",2025-10-27T13:06:41.427764,high,0
/Users/henrysze/Library/CloudStorage/OneDrive-TheHongKongPolytechnicUniversity/Y4_SEM1/FYP/Images_VisDrone2019/9999938_00000_d_0000037.jpg,0,"road,vegetation,vehicle",2025-10-27T13:06:46.097725,high,0
/Users/henrysze/Library/CloudStorage/OneDrive-TheHongKongPolytechnicUniversity/Y4_SEM1/FYP/Images_VisDrone2019/9999938_00000_d_0000038.jpg,0,"building,road,vegetation,vehicle",2025-10-27T13:06:49.827203,high,0
/Users/henrysze/Library/CloudStorage/OneDrive-TheHongKongPolytechnicUniversity/Y4_SEM1/FYP/Images_VisDrone2019/9999938_00000_d_0000039.jpg,0,"building,road,vegetation,vehicle",2025-10-27T13:06:54.090836,high,0
/Users/henrysze/Library/CloudStorage/OneDrive-TheHongKongPolytechnicUniversity/Y4_SEM1/FYP/Images_VisDrone2019/9999938_00000_d_0000040.jpg,0,"building,road,vegetation,vehicle",2025-10-27T13:06:58.670716,high,0
/Users/henrysze/Library/CloudStorage/OneDrive-TheHongKongPolytechnicUniversity/Y4_SEM1/FYP/Images_VisDrone2019/9999938_00000_d_0000041.jpg,0,"building,road,vegetation,vehicle",2025-10-27T13:07:04.349774,high,0
/Users/henrysze/Library/CloudStorage/OneDrive-TheHongKongPolytechnicUniversity/Y4_SEM1/FYP/Images_VisDrone2019/9999938_00000_d_0000043.jpg,0,"building,road,vegetation,vehicle",2025-10-27T13:07:32.869892,high,0
/Users/henrysze/Library/CloudStorage/OneDrive-TheHongKongPolytechnicUniversity/Y4_SEM1/FYP/Images_VisDrone2019/9999938_00000_d_0000044.jpg,0,"building,road,vegetation,vehicle",2025-10-27T13:08:01.239937,high,0
/Users/henrysze/Library/CloudStorage/OneDrive-TheHongKongPolytechnicUniversity/Y4_SEM1/FYP/Images_VisDrone2019/9999938_00000_d_0000045.jpg,0,"building,road,vegetation,vehicle",2025-10-27T13:08:07.960842,high,0
/Users/henrysze/Library/CloudStorage/OneDrive-TheHongKongPolytechnicUniversity/Y4_SEM1/FYP/Images_VisDrone2019/9999938_00000_d_0000046.jpg,0,"building,road,vegetation,vehicle",2025-10-27T13:08:12.839022,high,0
/Users/henrysze/Library/CloudStorage/OneDrive-TheHongKongPolytechnicUniversity/Y4_SEM1/FYP/Images_VisDrone2019/9999938_00000_d_0000048.jpg,0,"building,road,vegetation,vehicle",2025-10-27T13:08:21.025747,high,0
/Users/henrysze/Library/CloudStorage/OneDrive-TheHongKongPolytechnicUniversity/Y4_SEM1/FYP/Images_VisDrone2019/9999938_00000_d_0000049.jpg,0,"building,road,vegetation,vehicle",2025-10-27T13:08:24.316820,high,0
/Users/henrysze/Library/CloudStorage/OneDrive-TheHongKongPolytechnicUniversity/Y4_SEM1/FYP/Images_VisDrone2019/9999938_00000_d_0000050.jpg,0,"building,road,vegetation,vehicle",2025-10-27T13:16:24.916543,high,0
/Users/henrysze/Library/CloudStorage/OneDrive-TheHongKongPolytechnicUniversity/Y4_SEM1/FYP/Images_VisDrone2019/9999938_00000_d_0000051.jpg,0,"building,road,vegetation,vehicle",2025-10-27T13:16:30.097571,high,0
/Users/henrysze/Library/CloudStorage/OneDrive-TheHongKongPolytechnicUniversity/Y4_SEM1/FYP/Images_VisDrone2019/9999938_00000_d_0000052.jpg,0,"building,road,vegetation,vehicle",2025-10-27T13:16:33.566573,high,0
/Users/henrysze/Library/CloudStorage/OneDrive-TheHongKongPolytechnicUniversity/Y4_SEM1/FYP/Images_VisDrone2019/9999938_00000_d_0000053.jpg,0,"building,road,vegetation,vehicle",2025-10-27T13:16:39.706123,high,0
/Users/henrysze/Library/CloudStorage/OneDrive-TheHongKongPolytechnicUniversity/Y4_SEM1/FYP/Images_VisDrone2019/9999938_00000_d_0000054.jpg,0,"building,road,vegetation,vehicle",2025-10-27T13:16:42.355914,high,0
/Users/henrysze/Library/CloudStorage/OneDrive-TheHongKongPolytechnicUniversity/Y4_SEM1/FYP/Images_VisDrone2019/9999938_00000_d_0000055.jpg,0,"building,road,vegetation,vehicle",2025-10-27T13:16:44.869580,high,0
/Users/henrysze/Library/CloudStorage/OneDrive-TheHongKongPolytechnicUniversity/Y4_SEM1/FYP/Images_VisDrone2019/9999938_00000_d_0000056.jpg,0,"building,road,vegetation,vehicle",2025-10-27T13:16:47.996094,high,0
/Users/henrysze/Library/CloudStorage/OneDrive-TheHongKongPolytechnicUniversity/Y4_SEM1/FYP/Images_VisDrone2019/9999938_00000_d_0000057.jpg,0,"building,road,vegetation,vehicle",2025-10-27T13:16:50.978704,high,0
/Users/henrysze/Library/CloudStorage/OneDrive-TheHongKongPolytechnicUniversity/Y4_SEM1/FYP/Images_VisDrone2019/9999938_00000_d_0000058.jpg,0,"building,road,vegetation,vehicle",2025-10-27T13:16:54.238977,high,0
/Users/henrysze/Library/CloudStorage/OneDrive-TheHongKongPolytechnicUniversity/Y4_SEM1/FYP/Images_VisDrone2019/9999938_00000_d_0000059.jpg,0,"building,road,vegetation,vehicle",2025-10-27T13:16:56.536708,high,0
/Users/henrysze/Library/CloudStorage/OneDrive-TheHongKongPolytechnicUniversity/Y4_SEM1/FYP/Images_VisDrone2019/9999938_00000_d_0000060.jpg,0,"building,road,vegetation,vehicle",2025-10-27T13:16:58.387370,high,0
/Users/henrysze/Library/CloudStorage/OneDrive-TheHongKongPolytechnicUniversity/Y4_SEM1/FYP/Images_VisDrone2019/9999938_00000_d_0000061.jpg,0,"building,road,vegetation,vehicle",2025-10-27T13:17:01.122634,high,0
/Users/henrysze/Library/CloudStorage/OneDrive-TheHongKongPolytechnicUniversity/Y4_SEM1/FYP/Images_VisDrone2019/9999938_00000_d_0000066.jpg,0,"building,road,vegetation,vehicle",2025-10-27T13:17:05.308416,high,0
/Users/henrysze/Library/CloudStorage/OneDrive-TheHongKongPolytechnicUniversity/Y4_SEM1/FYP/Images_VisDrone2019/9999938_00000_d_0000068.jpg,0,"building,road,vegetation,vehicle",2025-10-27T13:17:07.356495,high,0
/Users/henrysze/Library/CloudStorage/OneDrive-TheHongKongPolytechnicUniversity/Y4_SEM1/FYP/Images_VisDrone2019/9999938_00000_d_0000070.jpg,0,"building,road,vegetation,vehicle",2025-10-27T13:17:32.749182,high,0
/Users/henrysze/Library/CloudStorage/OneDrive-TheHongKongPolytechnicUniversity/Y4_SEM1/FYP/Images_VisDrone2019/9999938_00000_d_0000071.jpg,0,"building,road,vegetation,vehicle",2025-10-27T13:17:36.811183,high,0
/Users/henrysze/Library/CloudStorage/OneDrive-TheHongKongPolytechnicUniversity/Y4_SEM1/FYP/Images_VisDrone2019/9999938_00000_d_0000072.jpg,0,"building,road,vegetation,vehicle",2025-10-27T13:17:41.309442,high,0
/Users/henrysze/Library/CloudStorage/OneDrive-TheHongKongPolytechnicUniversity/Y4_SEM1/FYP/Images_VisDrone2019/9999938_00000_d_0000073.jpg,0,"building,road,vegetation,vehicle",2025-10-27T13:17:47.395797,high,0
/Users/henrysze/Library/CloudStorage/OneDrive-TheHongKongPolytechnicUniversity/Y4_SEM1/FYP/Images_VisDrone2019/9999938_00000_d_0000076.jpg,0,"building,road,vegetation,vehicle",2025-10-27T13:17:55.512599,high,0
/Users/henrysze/Library/CloudStorage/OneDrive-TheHongKongPolytechnicUniversity/Y4_SEM1/FYP/Images_VisDrone2019/9999938_00000_d_0000077.jpg,0,"building,vegetation",2025-10-27T13:18:08.364860,high,0
/Users/henrysze/Library/CloudStorage/OneDrive-TheHongKongPolytechnicUniversity/Y4_SEM1/FYP/Images_VisDrone2019/9999938_00000_d_0000078.jpg,0,"building,person_animal,road,vegetation,vehicle",2025-10-27T13:18:11.682570,high,0
/Users/henrysze/Library/CloudStorage/OneDrive-TheHongKongPolytechnicUniversity/Y4_SEM1/FYP/Images_VisDrone2019/9999938_00000_d_0000079.jpg,0,"building,road,vegetation,vehicle",2025-10-27T13:18:18.600272,high,0
/Users/henrysze/Library/CloudStorage/OneDrive-TheHongKongPolytechnicUniversity/Y4_SEM1/FYP/Images_VisDrone2019/9999938_00000_d_0000083.jpg,0,"building,road,vegetation,vehicle",2025-10-27T13:18:40.152442,high,0
/Users/henrysze/Library/CloudStorage/OneDrive-TheHongKongPolytechnicUniversity/Y4_SEM1/FYP/Images_VisDrone2019/9999938_00000_d_0000084.jpg,0,"building,person_animal,road,vegetation,vehicle",2025-10-27T13:18:44.635869,high,0
/Users/henrysze/Library/CloudStorage/OneDrive-TheHongKongPolytechnicUniversity/Y4_SEM1/FYP/Images_VisDrone2019/9999938_00000_d_0000089.jpg,0,"building,person_animal,road,vegetation,vehicle",2025-10-27T13:18:57.725851,high,0
/Users/henrysze/Library/CloudStorage/OneDrive-TheHongKongPolytechnicUniversity/Y4_SEM1/FYP/Images_VisDrone2019/9999938_00000_d_0000090.jpg,0,"building,road,vegetation,vehicle",2025-10-27T13:19:07.472209,high,0
/Users/henrysze/Library/CloudStorage/OneDrive-TheHongKongPolytechnicUniversity/Y4_SEM1/FYP/Images_VisDrone2019/9999938_00000_d_0000091.jpg,0,"building,road,vegetation,vehicle",2025-10-27T13:19:09.853967,high,0
/Users/henrysze/Library/CloudStorage/OneDrive-TheHongKongPolytechnicUniversity/Y4_SEM1/FYP/Images_VisDrone2019/9999938_00000_d_0000093.jpg,0,"building,road,vegetation,vehicle",2025-10-27T13:19:19.782447,high,0
/Users/henrysze/Library/CloudStorage/OneDrive-TheHongKongPolytechnicUniversity/Y4_SEM1/FYP/Images_VisDrone2019/9999938_00000_d_0000098.jpg,0,"building,road,vegetation,vehicle",2025-10-27T13:20:07.979724,high,0
/Users/henrysze/Library/CloudStorage/OneDrive-TheHongKongPolytechnicUniversity/Y4_SEM1/FYP/Images_VisDrone2019/9999938_00000_d_0000099.jpg,0,"building,road,vegetation,vehicle",2025-10-27T13:20:11.308936,high,0
/Users/henrysze/Library/CloudStorage/OneDrive-TheHongKongPolytechnicUniversity/Y4_SEM1/FYP/Images_VisDrone2019/9999938_00000_d_0000101.jpg,0,"building,road,vegetation,vehicle",2025-10-27T13:20:13.838507,high,0
/Users/henrysze/Library/CloudStorage/OneDrive-TheHongKongPolytechnicUniversity/Y4_SEM1/FYP/Images_VisDrone2019/9999938_00000_d_0000102.jpg,0,"road,vegetation,vehicle",2025-10-27T13:20:17.847109,high,0
/Users/henrysze/Library/CloudStorage/OneDrive-TheHongKongPolytechnicUniversity/Y4_SEM1/FYP/Images_VisDrone2019/9999938_00000_d_0000103.jpg,0,"person_animal,road,vegetation,vehicle",2025-10-27T13:20:28.311518,high,0
/Users/henrysze/Library/CloudStorage/OneDrive-TheHongKongPolytechnicUniversity/Y4_SEM1/FYP/Images_VisDrone2019/9999938_00000_d_0000105.jpg,0,"building,person_animal,road,vegetation,vehicle",2025-10-27T13:20:47.442692,high,0
/Users/henrysze/Library/CloudStorage/OneDrive-TheHongKongPolytechnicUniversity/Y4_SEM1/FYP/Images_VisDrone2019/9999938_00000_d_0000106.jpg,0,"building,person_animal,road,vegetation,vehicle",2025-10-27T13:20:50.556796,high,0
/Users/henrysze/Library/CloudStorage/OneDrive-TheHongKongPolytechnicUniversity/Y4_SEM1/FYP/Images_VisDrone2019/9999938_00000_d_0000107.jpg,0,"building,person_animal,road,vegetation,vehicle",2025-10-27T13:21:06.216088,high,0
/Users/henrysze/Library/CloudStorage/OneDrive-TheHongKongPolytechnicUniversity/Y4_SEM1/FYP/Images_VisDrone2019/9999938_00000_d_0000108.jpg,0,"person_animal,road,vegetation,vehicle",2025-10-27T13:21:16.989482,high,0
/Users/henrysze/Library/CloudStorage/OneDrive-TheHongKongPolytechnicUniversity/Y4_SEM1/FYP/Images_VisDrone2019/9999938_00000_d_0000110.jpg,0,"building,person_animal,road,vegetation,vehicle",2025-10-27T13:21:30.699702,high,0
/Users/henrysze/Library/CloudStorage/OneDrive-TheHongKongPolytechnicUniversity/Y4_SEM1/FYP/Images_VisDrone2019/9999938_00000_d_0000111.jpg,0,"building,person_animal,road,vegetation,vehicle",2025-10-27T13:21:39.200473,high,0
/Users/henrysze/Library/CloudStorage/OneDrive-TheHongKongPolytechnicUniversity/Y4_SEM1/FYP/Images_VisDrone2019/9999938_00000_d_0000113.jpg,0,"building,person_animal,road,vegetation,vehicle",2025-10-27T13:21:55.553556,high,0
/Users/henrysze/Library/CloudStorage/OneDrive-TheHongKongPolytechnicUniversity/Y4_SEM1/FYP/Images_VisDrone2019/9999938_00000_d_0000114.jpg,0,"building,road,vegetation,vehicle",2025-10-27T13:22:00.336707,high,0
/Users/henrysze/Library/CloudStorage/OneDrive-TheHongKongPolytechnicUniversity/Y4_SEM1/FYP/Images_VisDrone2019/9999938_00000_d_0000115.jpg,0,"building,road,vegetation,vehicle",2025-10-27T13:22:06.142981,high,0
/Users/henrysze/Library/CloudStorage/OneDrive-TheHongKongPolytechnicUniversity/Y4_SEM1/FYP/Images_VisDrone2019/9999938_00000_d_0000116.jpg,0,"person_animal,road,vegetation",2025-10-27T13:22:14.817860,high,0
/Users/henrysze/Library/CloudStorage/OneDrive-TheHongKongPolytechnicUniversity/Y4_SEM1/FYP/Images_VisDrone2019/9999938_00000_d_0000117.jpg,0,"person_animal,road,vegetation,vehicle",2025-10-27T13:22:35.006178,high,0
/Users/henrysze/Library/CloudStorage/OneDrive-TheHongKongPolytechnicUniversity/Y4_SEM1/FYP/Images_VisDrone2019/9999938_00000_d_0000119.jpg,0,"building,person_animal,road,vegetation,vehicle",2025-10-27T13:22:48.122660,high,0
/Users/henrysze/Library/CloudStorage/OneDrive-TheHongKongPolytechnicUniversity/Y4_SEM1/FYP/Images_VisDrone2019/9999938_00000_d_0000121.jpg,0,"building,person_animal,vegetation",2025-10-27T13:23:02.479878,high,0
/Users/henrysze/Library/CloudStorage/OneDrive-TheHongKongPolytechnicUniversity/Y4_SEM1/FYP/Images_VisDrone2019/9999938_00000_d_0000122.jpg,0,"person_animal,road,vegetation,vehicle",2025-10-27T13:23:13.719547,high,0
/Users/henrysze/Library/CloudStorage/OneDrive-TheHongKongPolytechnicUniversity/Y4_SEM1/FYP/Images_VisDrone2019/9999938_00000_d_0000123.jpg,0,"person_animal,road,vegetation,vehicle",2025-10-27T13:23:22.714190,high,0
/Users/henrysze/Library/CloudStorage/OneDrive-TheHongKongPolytechnicUniversity/Y4_SEM1/FYP/Images_VisDrone2019/9999938_00000_d_0000124.jpg,0,"building,person_animal,road,vegetation,vehicle",2025-10-27T13:23:31.613479,high,0
/Users/henrysze/Library/CloudStorage/OneDrive-TheHongKongPolytechnicUniversity/Y4_SEM1/FYP/Images_VisDrone2019/9999938_00000_d_0000125.jpg,0,"building,person_animal,road,vegetation,vehicle",2025-10-27T13:23:35.213243,high,0
/Users/henrysze/Library/CloudStorage/OneDrive-TheHongKongPolytechnicUniversity/Y4_SEM1/FYP/Images_VisDrone2019/9999938_00000_d_0000126.jpg,0,"building,person_animal,road,vegetation,vehicle",2025-10-27T13:23:40.133460,high,0
/Users/henrysze/Library/CloudStorage/OneDrive-TheHongKongPolytechnicUniversity/Y4_SEM1/FYP/Images_VisDrone2019/9999938_00000_d_0000127.jpg,0,"building,person_animal,road,vegetation,vehicle",2025-10-27T13:23:43.317093,high,0
/Users/henrysze/Library/CloudStorage/OneDrive-TheHongKongPolytechnicUniversity/Y4_SEM1/FYP/Images_VisDrone2019/9999938_00000_d_0000128.jpg,0,"building,person_animal,vegetation",2025-10-27T13:23:48.360390,high,0
/Users/henrysze/Library/CloudStorage/OneDrive-TheHongKongPolytechnicUniversity/Y4_SEM1/FYP/Images_VisDrone2019/9999938_00000_d_0000130.jpg,0,"building,person_animal,road,vegetation,vehicle",2025-10-27T13:24:03.760641,high,0
/Users/henrysze/Library/CloudStorage/OneDrive-TheHongKongPolytechnicUniversity/Y4_SEM1/FYP/Images_VisDrone2019/9999938_00000_d_0000131.jpg,0,"building,road,vegetation,vehicle",2025-10-27T13:24:09.061191,high,0
/Users/henrysze/Library/CloudStorage/OneDrive-TheHongKongPolytechnicUniversity/Y4_SEM1/FYP/Images_VisDrone2019/9999938_00000_d_0000132.jpg,0,"building,road,vegetation,vehicle",2025-10-27T13:24:17.328133,high,0
/Users/henrysze/Library/CloudStorage/OneDrive-TheHongKongPolytechnicUniversity/Y4_SEM1/FYP/Images_VisDrone2019/9999938_00000_d_0000136.jpg,0,"building,person_animal,road,vegetation,vehicle",2025-10-27T13:24:44.517050,high,0
/Users/henrysze/Library/CloudStorage/OneDrive-TheHongKongPolytechnicUniversity/Y4_SEM1/FYP/Images_VisDrone2019/9999938_00000_d_0000139.jpg,0,"road,vegetation,vehicle",2025-10-27T13:24:55.546968,high,0
/Users/henrysze/Library/CloudStorage/OneDrive-TheHongKongPolytechnicUniversity/Y4_SEM1/FYP/Images_VisDrone2019/9999938_00000_d_0000141.jpg,0,"road,vegetation,vehicle",2025-10-27T13:25:02.501202,high,0
/Users/henrysze/Library/CloudStorage/OneDrive-TheHongKongPolytechnicUniversity/Y4_SEM1/FYP/Images_VisDrone2019/9999938_00000_d_0000143.jpg,0,"building,road,vegetation,vehicle",2025-10-27T13:25:16.448979,high,0
/Users/henrysze/Library/CloudStorage/OneDrive-TheHongKongPolytechnicUniversity/Y4_SEM1/FYP/Images_VisDrone2019/9999938_00000_d_0000144.jpg,0,"building,road,vegetation,vehicle",2025-10-27T13:25:26.416083,high,0
/Users/henrysze/Library/CloudStorage/OneDrive-TheHongKongPolytechnicUniversity/Y4_SEM1/FYP/Images_VisDrone2019/9999938_00000_d_0000146.jpg,0,"building,road,vegetation,vehicle",2025-10-27T13:25:42.145161,high,0
/Users/henrysze/Library/CloudStorage/OneDrive-TheHongKongPolytechnicUniversity/Y4_SEM1/FYP/Images_VisDrone2019/9999938_00000_d_0000147.jpg,0,"building,road,vegetation,vehicle",2025-10-27T13:25:47.741830,high,0
/Users/henrysze/Library/CloudStorage/OneDrive-TheHongKongPolytechnicUniversity/Y4_SEM1/FYP/Images_VisDrone2019/9999938_00000_d_0000150.jpg,0,"road,vegetation,vehicle",2025-10-27T13:25:56.498099,high,0
/Users/henrysze/Library/CloudStorage/OneDrive-TheHongKongPolytechnicUniversity/Y4_SEM1/FYP/Images_VisDrone2019/9999938_00000_d_0000153.jpg,0,"road,vegetation,vehicle",2025-10-27T13:26:22.091972,high,0
/Users/henrysze/Library/CloudStorage/OneDrive-TheHongKongPolytechnicUniversity/Y4_SEM1/FYP/Images_VisDrone2019/9999938_00000_d_0000154.jpg,0,"building,road,vegetation,vehicle",2025-10-27T13:26:35.529648,high,0
/Users/henrysze/Library/CloudStorage/OneDrive-TheHongKongPolytechnicUniversity/Y4_SEM1/FYP/Images_VisDrone2019/9999938_00000_d_0000162.jpg,0,"building,road,vegetation,vehicle",2025-10-27T13:27:06.485839,high,0
/Users/henrysze/Library/CloudStorage/OneDrive-TheHongKongPolytechnicUniversity/Y4_SEM1/FYP/Images_VisDrone2019/9999938_00000_d_0000163.jpg,0,"building,road,vegetation,vehicle",2025-10-27T13:27:14.533267,high,0
/Users/henrysze/Library/CloudStorage/OneDrive-TheHongKongPolytechnicUniversity/Y4_SEM1/FYP/Images_VisDrone2019/9999938_00000_d_0000177.jpg,0,"building,road,vegetation,vehicle",2025-10-27T13:27:30.004523,high,0
/Users/henrysze/Library/CloudStorage/OneDrive-TheHongKongPolytechnicUniversity/Y4_SEM1/FYP/Images_VisDrone2019/9999938_00000_d_0000178.jpg,0,"building,road,vegetation,vehicle",2025-10-27T13:27:34.062254,high,0
/Users/henrysze/Library/CloudStorage/OneDrive-TheHongKongPolytechnicUniversity/Y4_SEM1/FYP/Images_VisDrone2019/9999938_00000_d_0000182.jpg,0,"building,road,vegetation,vehicle",2025-10-27T13:27:55.923183,high,0
/Users/henrysze/Library/CloudStorage/OneDrive-TheHongKongPolytechnicUniversity/Y4_SEM1/FYP/Images_VisDrone2019/9999938_00000_d_0000185.jpg,0,"building,road,vegetation,vehicle",2025-10-27T13:27:58.834950,high,0
/Users/henrysze/Library/CloudStorage/OneDrive-TheHongKongPolytechnicUniversity/Y4_SEM1/FYP/Images_VisDrone2019/9999938_00000_d_0000186.jpg,0,"building,road,vegetation,vehicle",2025-10-27T13:28:05.395147,high,0
/Users/henrysze/Library/CloudStorage/OneDrive-TheHongKongPolytechnicUniversity/Y4_SEM1/FYP/Images_VisDrone2019/9999938_00000_d_0000187.jpg,0,"building,road,vegetation,vehicle",2025-10-27T13:28:09.584611,high,0
/Users/henrysze/Library/CloudStorage/OneDrive-TheHongKongPolytechnicUniversity/Y4_SEM1/FYP/Images_VisDrone2019/9999938_00000_d_0000188.jpg,1,"building,road,vegetation,vehicle",2025-10-27T13:28:23.420870,high,0
/Users/henrysze/Library/CloudStorage/OneDrive-TheHongKongPolytechnicUniversity/Y4_SEM1/FYP/Images_VisDrone2019/9999938_00000_d_0000191.jpg,0,"building,road,vegetation,vehicle",2025-10-27T13:28:42.128864,high,0
/Users/henrysze/Library/CloudStorage/OneDrive-TheHongKongPolytechnicUniversity/Y4_SEM1/FYP/Images_VisDrone2019/9999938_00000_d_0000194.jpg,0,"building,road,vegetation,vehicle",2025-10-27T13:28:53.240664,high,0
/Users/henrysze/Library/CloudStorage/OneDrive-TheHongKongPolytechnicUniversity/Y4_SEM1/FYP/Images_VisDrone2019/9999938_00000_d_0000196.jpg,0,"building,road,vegetation,vehicle",2025-10-27T13:29:19.115215,high,0
/Users/henrysze/Library/CloudStorage/OneDrive-TheHongKongPolytechnicUniversity/Y4_SEM1/FYP/Images_VisDrone2019/9999938_00000_d_0000197.jpg,0,"building,road,vegetation,vehicle",2025-10-27T13:29:28.339278,high,0
/Users/henrysze/Library/CloudStorage/OneDrive-TheHongKongPolytechnicUniversity/Y4_SEM1/FYP/Images_VisDrone2019/9999938_00000_d_0000198.jpg,0,"building,road,vegetation,vehicle",2025-10-27T13:29:31.857354,high,0
/Users/henrysze/Library/CloudStorage/OneDrive-TheHongKongPolytechnicUniversity/Y4_SEM1/FYP/Images_VisDrone2019/9999938_00000_d_0000199.jpg,0,"building,road,vegetation,vehicle",2025-10-27T13:29:36.207501,high,0
/Users/henrysze/Library/CloudStorage/OneDrive-TheHongKongPolytechnicUniversity/Y4_SEM1/FYP/Images_VisDrone2019/9999938_00000_d_0000202.jpg,0,"building,road,vegetation,vehicle",2025-10-27T13:29:50.745550,high,0
/Users/henrysze/Library/CloudStorage/OneDrive-TheHongKongPolytechnicUniversity/Y4_SEM1/FYP/Images_VisDrone2019/9999938_00000_d_0000203.jpg,0,"building,road,vegetation,vehicle",2025-10-27T13:29:59.201493,high,0
/Users/henrysze/Library/CloudStorage/OneDrive-TheHongKongPolytechnicUniversity/Y4_SEM1/FYP/Images_VisDrone2019/9999938_00000_d_0000204.jpg,0,"building,road,vegetation,vehicle",2025-10-27T13:30:18.523349,high,0
/Users/henrysze/Library/CloudStorage/OneDrive-TheHongKongPolytechnicUniversity/Y4_SEM1/FYP/Images_VisDrone2019/9999938_00000_d_0000209.jpg,0,"building,road,vegetation,vehicle",2025-10-27T13:30:43.990159,high,0
/Users/henrysze/Library/CloudStorage/OneDrive-TheHongKongPolytechnicUniversity/Y4_SEM1/FYP/Images_VisDrone2019/9999938_00000_d_0000210.jpg,0,"building,road,vegetation,vehicle",2025-10-27T13:30:46.021989,high,0
/Users/henrysze/Library/CloudStorage/OneDrive-TheHongKongPolytechnicUniversity/Y4_SEM1/FYP/Images_VisDrone2019/9999938_00000_d_0000211.jpg,0,"building,road,vegetation,vehicle",2025-10-27T13:30:50.298121,high,0
/Users/henrysze/Library/CloudStorage/OneDrive-TheHongKongPolytechnicUniversity/Y4_SEM1/FYP/Images_VisDrone2019/9999938_00000_d_0000212.jpg,0,"building,road,vegetation,vehicle",2025-10-27T13:30:52.951376,high,0
/Users/henrysze/Library/CloudStorage/OneDrive-TheHongKongPolytechnicUniversity/Y4_SEM1/FYP/Images_VisDrone2019/9999938_00000_d_0000213.jpg,0,"building,road,vegetation,vehicle",2025-10-27T13:30:55.555155,high,0
/Users/henrysze/Library/CloudStorage/OneDrive-TheHongKongPolytechnicUniversity/Y4_SEM1/FYP/Images_VisDrone2019/9999938_00000_d_0000214.jpg,0,"building,road,vegetation,vehicle",2025-10-27T13:30:59.121542,high,0
/Users/henrysze/Library/CloudStorage/OneDrive-TheHongKongPolytechnicUniversity/Y4_SEM1/FYP/Images_VisDrone2019/9999938_00000_d_0000215.jpg,0,"building,road,vegetation,vehicle",2025-10-27T13:31:02.720000,high,0
/Users/henrysze/Library/CloudStorage/OneDrive-TheHongKongPolytechnicUniversity/Y4_SEM1/FYP/Images_VisDrone2019/9999938_00000_d_0000216.jpg,0,"building,road,vegetation,vehicle",2025-10-27T13:31:11.453659,high,0
/Users/henrysze/Library/CloudStorage/OneDrive-TheHongKongPolytechnicUniversity/Y4_SEM1/FYP/Images_VisDrone2019/9999938_00000_d_0000217.jpg,0,"building,road,vegetation,vehicle",2025-10-27T13:31:17.304506,high,0
/Users/henrysze/Library/CloudStorage/OneDrive-TheHongKongPolytechnicUniversity/Y4_SEM1/FYP/Images_VisDrone2019/9999938_00000_d_0000219.jpg,0,"building,road,vegetation,vehicle",2025-10-27T13:31:22.611393,high,0
/Users/henrysze/Library/CloudStorage/OneDrive-TheHongKongPolytechnicUniversity/Y4_SEM1/FYP/Images_VisDrone2019/9999938_00000_d_0000220.jpg,0,"building,road,vegetation,vehicle",2025-10-27T13:31:27.507420,high,0
/Users/henrysze/Library/CloudStorage/OneDrive-TheHongKongPolytechnicUniversity/Y4_SEM1/FYP/Images_VisDrone2019/9999938_00000_d_0000227.jpg,0,"building,road,vegetation,vehicle",2025-10-27T13:32:12.030710,high,0
/Users/henrysze/Library/CloudStorage/OneDrive-TheHongKongPolytechnicUniversity/Y4_SEM1/FYP/Images_VisDrone2019/9999938_00000_d_0000247.jpg,0,"building,road,vegetation",2025-10-27T13:32:30.838452,high,0
/Users/henrysze/Library/CloudStorage/OneDrive-TheHongKongPolytechnicUniversity/Y4_SEM1/FYP/Images_VisDrone2019/9999941_00000_d_0000001.jpg,0,"road,vegetation,vehicle",2025-10-27T13:37:30.133253,high,0
/Users/henrysze/Library/CloudStorage/OneDrive-TheHongKongPolytechnicUniversity/Y4_SEM1/FYP/Images_VisDrone2019/9999941_00000_d_0000002.jpg,0,"building,road,vegetation,vehicle",2025-10-27T13:37:34.657597,high,0
/Users/henrysze/Library/CloudStorage/OneDrive-TheHongKongPolytechnicUniversity/Y4_SEM1/FYP/Images_VisDrone2019/9999941_00000_d_0000003.jpg,0,"building,road,vegetation,vehicle",2025-10-27T13:37:37.294941,high,0
/Users/henrysze/Library/CloudStorage/OneDrive-TheHongKongPolytechnicUniversity/Y4_SEM1/FYP/Images_VisDrone2019/9999941_00000_d_0000004.jpg,0,"building,road,vegetation,vehicle",2025-10-27T13:37:38.902790,high,0
/Users/henrysze/Library/CloudStorage/OneDrive-TheHongKongPolytechnicUniversity/Y4_SEM1/FYP/Images_VisDrone2019/9999941_00000_d_0000007.jpg,0,"building,road,vegetation,vehicle",2025-10-27T15:06:46.491240,high,0
/Users/henrysze/Library/CloudStorage/OneDrive-TheHongKongPolytechnicUniversity/Y4_SEM1/FYP/Images_VisDrone2019/9999941_00000_d_0000009.jpg,0,"building,road,vegetation,vehicle",2025-10-27T15:06:56.696713,high,0
/Users/henrysze/Library/CloudStorage/OneDrive-TheHongKongPolytechnicUniversity/Y4_SEM1/FYP/Images_VisDrone2019/9999941_00000_d_0000010.jpg,0,"road,vegetation,vehicle",2025-10-27T15:07:02.242028,high,0
/Users/henrysze/Library/CloudStorage/OneDrive-TheHongKongPolytechnicUniversity/Y4_SEM1/FYP/Images_VisDrone2019/9999941_00000_d_0000011.jpg,0,"building,road,vegetation,vehicle",2025-10-27T15:07:05.548860,high,0
/Users/henrysze/Library/CloudStorage/OneDrive-TheHongKongPolytechnicUniversity/Y4_SEM1/FYP/Images_VisDrone2019/9999941_00000_d_0000012.jpg,0,"road,vegetation,vehicle",2025-10-27T15:07:10.700584,high,0
/Users/henrysze/Library/CloudStorage/OneDrive-TheHongKongPolytechnicUniversity/Y4_SEM1/FYP/Images_VisDrone2019/9999941_00000_d_0000015.jpg,0,"road,vegetation,vehicle",2025-10-27T15:07:26.403819,high,0
/Users/henrysze/Library/CloudStorage/OneDrive-TheHongKongPolytechnicUniversity/Y4_SEM1/FYP/Images_VisDrone2019/9999941_00000_d_0000016.jpg,0,"infrastructure,road,vegetation",2025-10-27T15:07:39.221184,high,0
/Users/henrysze/Library/CloudStorage/OneDrive-TheHongKongPolytechnicUniversity/Y4_SEM1/FYP/Images_VisDrone2019/9999941_00000_d_0000017.jpg,0,"person_animal,road,vegetation,vehicle",2025-10-27T15:08:02.567182,high,0
/Users/henrysze/Library/CloudStorage/OneDrive-TheHongKongPolytechnicUniversity/Y4_SEM1/FYP/Images_VisDrone2019/9999941_00000_d_0000018.jpg,0,"road,vegetation,vehicle",2025-10-27T15:08:09.140397,high,0
/Users/henrysze/Library/CloudStorage/OneDrive-TheHongKongPolytechnicUniversity/Y4_SEM1/FYP/Images_VisDrone2019/9999941_00000_d_0000019.jpg,0,"infrastructure,road,vegetation,vehicle",2025-10-27T15:08:17.772094,high,0
/Users/henrysze/Library/CloudStorage/OneDrive-TheHongKongPolytechnicUniversity/Y4_SEM1/FYP/Images_VisDrone2019/9999941_00000_d_0000024.jpg,0,"road,vegetation,vehicle",2025-10-27T15:08:59.861377,high,0
/Users/henrysze/Library/CloudStorage/OneDrive-TheHongKongPolytechnicUniversity/Y4_SEM1/FYP/Images_VisDrone2019/9999941_00000_d_0000026.jpg,0,"building,road,vegetation,vehicle",2025-10-27T15:09:16.989449,high,0
/Users/henrysze/Library/CloudStorage/OneDrive-TheHongKongPolytechnicUniversity/Y4_SEM1/FYP/Images_VisDrone2019/9999941_00000_d_0000033.jpg,0,"building,road,vegetation,vehicle",2025-10-27T15:09:34.156416,high,0
/Users/henrysze/Library/CloudStorage/OneDrive-TheHongKongPolytechnicUniversity/Y4_SEM1/FYP/Images_VisDrone2019/9999941_00000_d_0000034.jpg,0,"road,vegetation,vehicle",2025-10-27T15:09:39.978008,high,0
/Users/henrysze/Library/CloudStorage/OneDrive-TheHongKongPolytechnicUniversity/Y4_SEM1/FYP/Images_VisDrone2019/9999941_00000_d_0000035.jpg,0,"road,vegetation,vehicle",2025-10-27T15:09:43.185088,high,0
/Users/henrysze/Library/CloudStorage/OneDrive-TheHongKongPolytechnicUniversity/Y4_SEM1/FYP/Images_VisDrone2019/9999944_00000_d_0000003.jpg,1,"building,person_animal,road,vegetation",2025-10-27T15:10:01.686529,high,0
/Users/henrysze/Library/CloudStorage/OneDrive-TheHongKongPolytechnicUniversity/Y4_SEM1/FYP/Images_VisDrone2019/9999944_00000_d_0000004.jpg,1,"building,person_animal,road,vegetation",2025-10-27T15:10:07.625081,high,0
/Users/henrysze/Library/CloudStorage/OneDrive-TheHongKongPolytechnicUniversity/Y4_SEM1/FYP/Images_VisDrone2019/9999947_00000_d_0000001.jpg,0,"building,infrastructure,person_animal,vegetation",2025-10-27T15:10:21.458406,high,0
/Users/henrysze/Library/CloudStorage/OneDrive-TheHongKongPolytechnicUniversity/Y4_SEM1/FYP/Images_VisDrone2019/9999947_00000_d_0000017.jpg,0,"road,vegetation,vehicle",2025-10-27T15:11:26.487500,high,0
/Users/henrysze/Library/CloudStorage/OneDrive-TheHongKongPolytechnicUniversity/Y4_SEM1/FYP/Images_VisDrone2019/9999947_00000_d_0000018.jpg,0,"road,vegetation,vehicle",2025-10-27T15:11:33.189359,high,0
/Users/henrysze/Library/CloudStorage/OneDrive-TheHongKongPolytechnicUniversity/Y4_SEM1/FYP/Images_VisDrone2019/9999947_00000_d_0000023.jpg,0,"road,vegetation,vehicle",2025-10-27T15:11:56.208041,high,0
/Users/henrysze/Library/CloudStorage/OneDrive-TheHongKongPolytechnicUniversity/Y4_SEM1/FYP/Images_VisDrone2019/9999952_00000_d_0000011.jpg,0,"building,road,vegetation,vehicle",2025-10-27T15:12:37.451160,high,0
/Users/henrysze/Library/CloudStorage/OneDrive-TheHongKongPolytechnicUniversity/Y4_SEM1/FYP/Images_VisDrone2019/9999952_00000_d_0000074.jpg,0,"building,road,vegetation,vehicle",2025-10-27T15:15:09.950916,high,0
/Users/henrysze/Library/CloudStorage/OneDrive-TheHongKongPolytechnicUniversity/Y4_SEM1/FYP/Images_VisDrone2019/9999952_00000_d_0000147.jpg,0,"building,road,vegetation,vehicle",2025-10-27T15:21:49.614795,high,0
/Users/henrysze/Library/CloudStorage/OneDrive-TheHongKongPolytechnicUniversity/Y4_SEM1/FYP/Images_VisDrone2019/9999952_00000_d_0000152.jpg,0,"road,vegetation,vehicle",2025-10-27T15:22:09.711229,high,0
/Users/henrysze/Library/CloudStorage/OneDrive-TheHongKongPolytechnicUniversity/Y4_SEM1/FYP/Images_VisDrone2019/9999952_00000_d_0000153.jpg,0,"road,vegetation,vehicle",2025-10-27T15:22:19.371448,high,0
/Users/henrysze/Library/CloudStorage/OneDrive-TheHongKongPolytechnicUniversity/Y4_SEM1/FYP/Images_VisDrone2019/9999952_00000_d_0000156.jpg,0,"road,vegetation,vehicle",2025-10-27T15:22:35.116534,high,0
/Users/henrysze/Library/CloudStorage/OneDrive-TheHongKongPolytechnicUniversity/Y4_SEM1/FYP/Images_VisDrone2019/9999952_00000_d_0000157.jpg,0,vehicle,2025-10-27T15:22:39.676681,high,0
/Users/henrysze/Library/CloudStorage/OneDrive-TheHongKongPolytechnicUniversity/Y4_SEM1/FYP/Images_VisDrone2019/9999952_00000_d_0000158.jpg,0,vehicle,2025-10-27T15:22:44.935606,high,0
/Users/henrysze/Library/CloudStorage/OneDrive-TheHongKongPolytechnicUniversity/Y4_SEM1/FYP/Images_VisDrone2019/9999952_00000_d_0000268_blurry.jpg,0,"road,vegetation,vehicle",2025-10-27T15:28:52.167707,high,0
/Users/henrysze/Library/CloudStorage/OneDrive-TheHongKongPolytechnicUniversity/Y4_SEM1/FYP/Images_VisDrone2019/9999952_00000_d_0000291.jpg,0,"building,road,vehicle",2025-10-27T15:30:18.237176,high,0
/Users/henrysze/Library/CloudStorage/OneDrive-TheHongKongPolytechnicUniversity/Y4_SEM1/FYP/Images_VisDrone2019/9999952_00000_d_0000320.jpg,0,"building,road,vegetation,vehicle",2025-10-27T15:31:53.685137,high,0
/Users/henrysze/Library/CloudStorage/OneDrive-TheHongKongPolytechnicUniversity/Y4_SEM1/FYP/Images_VisDrone2019/9999952_00000_d_0000322.jpg,0,"building,road,vehicle",2025-10-27T15:31:59.349558,high,0
/Users/henrysze/Library/CloudStorage/OneDrive-TheHongKongPolytechnicUniversity/Y4_SEM1/FYP/Images_VisDrone2019/9999952_00000_d_0000323.jpg,0,"building,road,vehicle",2025-10-27T15:32:04.032199,high,0
/Users/henrysze/Library/CloudStorage/OneDrive-TheHongKongPolytechnicUniversity/Y4_SEM1/FYP/Images_VisDrone2019/9999952_00000_d_0000324.jpg,0,"infrastructure,road,vehicle",2025-10-27T15:32:17.025242,high,0
/Users/henrysze/Library/CloudStorage/OneDrive-TheHongKongPolytechnicUniversity/Y4_SEM1/FYP/Images_VisDrone2019/9999952_00000_d_0000325.jpg,0,"infrastructure,road,vegetation,vehicle",2025-10-27T15:32:23.992252,high,0
/Users/henrysze/Library/CloudStorage/OneDrive-TheHongKongPolytechnicUniversity/Y4_SEM1/FYP/Images_VisDrone2019/9999952_00000_d_0000332.jpg,0,"building,infrastructure,road,vehicle",2025-10-27T15:33:02.603565,high,0
/Users/henrysze/Library/CloudStorage/OneDrive-TheHongKongPolytechnicUniversity/Y4_SEM1/FYP/Images_VisDrone2019/9999952_00000_d_0000341.jpg,0,"building,road,vegetation,vehicle",2025-10-27T15:35:02.764312,high,0
/Users/henrysze/Library/CloudStorage/OneDrive-TheHongKongPolytechnicUniversity/Y4_SEM1/FYP/Images_VisDrone2019/9999963_00000_d_0000003.jpg,0,"building,road,vegetation,vehicle",2025-10-27T15:35:58.750677,high,0
/Users/henrysze/Library/CloudStorage/OneDrive-TheHongKongPolytechnicUniversity/Y4_SEM1/FYP/Images_VisDrone2019/9999963_00000_d_0000004.jpg,0,"road,vegetation,vehicle",2025-10-27T15:36:08.699874,high,0
/Users/henrysze/Library/CloudStorage/OneDrive-TheHongKongPolytechnicUniversity/Y4_SEM1/FYP/Images_VisDrone2019/9999963_00000_d_0000031.jpg,0,"road,vegetation,vehicle",2025-10-27T15:39:17.097951,high,0
/Users/henrysze/Library/CloudStorage/OneDrive-TheHongKongPolytechnicUniversity/Y4_SEM1/FYP/Images_VisDrone2019/9999963_00000_d_0000040.jpg,0,"building,person_animal,road,vehicle",2025-10-27T15:39:50.246863,high,0
/Users/henrysze/Library/CloudStorage/OneDrive-TheHongKongPolytechnicUniversity/Y4_SEM1/FYP/Images_VisDrone2019/9999971_00000_d_0000001.jpg,0,"person_animal,road,vegetation",2025-10-27T15:41:09.674122,high,0
/Users/henrysze/Library/CloudStorage/OneDrive-TheHongKongPolytechnicUniversity/Y4_SEM1/FYP/Images_VisDrone2019/9999973_00000_d_0000001.jpg,0,"building,road,vegetation,vehicle",2025-10-27T15:41:14.782428,high,0
/Users/henrysze/Library/CloudStorage/OneDrive-TheHongKongPolytechnicUniversity/Y4_SEM1/FYP/Images_VisDrone2019/9999973_00000_d_0000002.jpg,0,"building,person_animal,road,vegetation,vehicle",2025-10-27T15:41:19.635344,high,0
/Users/henrysze/Library/CloudStorage/OneDrive-TheHongKongPolytechnicUniversity/Y4_SEM1/FYP/Images_VisDrone2019/9999973_00000_d_0000006.jpg,0,"building,road,vegetation,vehicle",2025-10-27T15:42:00.547572,high,0
/Users/henrysze/Library/CloudStorage/OneDrive-TheHongKongPolytechnicUniversity/Y4_SEM1/FYP/Images_VisDrone2019/9999973_00000_d_0000007.jpg,0,"building,road,vegetation,vehicle",2025-10-27T15:42:05.368640,high,0
/Users/henrysze/Library/CloudStorage/OneDrive-TheHongKongPolytechnicUniversity/Y4_SEM1/FYP/Images_VisDrone2019/9999973_00000_d_0000008.jpg,0,"building,road,vegetation,vehicle",2025-10-27T15:42:07.699271,high,0
/Users/henrysze/Library/CloudStorage/OneDrive-TheHongKongPolytechnicUniversity/Y4_SEM1/FYP/Images_VisDrone2019/9999973_00000_d_0000009.jpg,0,"building,road,vegetation,vehicle",2025-10-27T15:42:11.310528,high,0
/Users/henrysze/Library/CloudStorage/OneDrive-TheHongKongPolytechnicUniversity/Y4_SEM1/FYP/Images_VisDrone2019/9999973_00000_d_0000010.jpg,0,"building,road,vegetation,vehicle",2025-10-27T15:42:13.456275,high,0
/Users/henrysze/Library/CloudStorage/OneDrive-TheHongKongPolytechnicUniversity/Y4_SEM1/FYP/Images_VisDrone2019/9999973_00000_d_0000011.jpg,0,"building,road,vegetation,vehicle",2025-10-27T15:42:15.439082,high,0
/Users/henrysze/Library/CloudStorage/OneDrive-TheHongKongPolytechnicUniversity/Y4_SEM1/FYP/Images_VisDrone2019/9999973_00000_d_0000012.jpg,0,"building,road,vegetation,vehicle",2025-10-27T15:42:19.140327,high,0
/Users/henrysze/Library/CloudStorage/OneDrive-TheHongKongPolytechnicUniversity/Y4_SEM1/FYP/Images_VisDrone2019/9999973_00000_d_0000013.jpg,0,"building,road,vegetation,vehicle",2025-10-27T15:42:22.208271,high,0
/Users/henrysze/Library/CloudStorage/OneDrive-TheHongKongPolytechnicUniversity/Y4_SEM1/FYP/Images_VisDrone2019/9999973_00000_d_0000014.jpg,0,"building,road,vegetation,vehicle",2025-10-27T15:42:24.276598,high,0
/Users/henrysze/Library/CloudStorage/OneDrive-TheHongKongPolytechnicUniversity/Y4_SEM1/FYP/Images_VisDrone2019/9999973_00000_d_0000015.jpg,0,"building,road,vegetation,vehicle",2025-10-27T15:42:26.132260,high,0
/Users/henrysze/Library/CloudStorage/OneDrive-TheHongKongPolytechnicUniversity/Y4_SEM1/FYP/Images_VisDrone2019/9999973_00000_d_0000016.jpg,0,"building,road,vegetation,vehicle",2025-10-27T15:42:27.645448,high,0
/Users/henrysze/Library/CloudStorage/OneDrive-TheHongKongPolytechnicUniversity/Y4_SEM1/FYP/Images_VisDrone2019/9999973_00000_d_0000017.jpg,0,"building,road,vegetation,vehicle",2025-10-27T15:42:29.237729,high,0
/Users/henrysze/Library/CloudStorage/OneDrive-TheHongKongPolytechnicUniversity/Y4_SEM1/FYP/Images_VisDrone2019/9999973_00000_d_0000018.jpg,0,"building,road,vegetation,vehicle",2025-10-27T15:42:31.041023,high,0
/Users/henrysze/Library/CloudStorage/OneDrive-TheHongKongPolytechnicUniversity/Y4_SEM1/FYP/Images_VisDrone2019/9999973_00000_d_0000019.jpg,0,"building,road,vegetation,vehicle",2025-10-27T15:42:32.450375,high,0
/Users/henrysze/Library/CloudStorage/OneDrive-TheHongKongPolytechnicUniversity/Y4_SEM1/FYP/Images_VisDrone2019/9999973_00000_d_0000020.jpg,0,"building,road,vegetation,vehicle",2025-10-27T15:42:34.613758,high,0
/Users/henrysze/Library/CloudStorage/OneDrive-TheHongKongPolytechnicUniversity/Y4_SEM1/FYP/Images_VisDrone2019/9999973_00000_d_0000021.jpg,0,"building,road,vegetation,vehicle",2025-10-27T15:42:37.358025,high,0
/Users/henrysze/Library/CloudStorage/OneDrive-TheHongKongPolytechnicUniversity/Y4_SEM1/FYP/Images_VisDrone2019/9999973_00000_d_0000022.jpg,0,"building,road,vegetation,vehicle",2025-10-27T15:42:44.912149,high,0
/Users/henrysze/Library/CloudStorage/OneDrive-TheHongKongPolytechnicUniversity/Y4_SEM1/FYP/Images_VisDrone2019/9999973_00000_d_0000023.jpg,0,"building,road,vegetation,vehicle",2025-10-27T15:42:46.887584,high,0
/Users/henrysze/Library/CloudStorage/OneDrive-TheHongKongPolytechnicUniversity/Y4_SEM1/FYP/Images_VisDrone2019/9999973_00000_d_0000024.jpg,0,"building,road,vegetation,vehicle",2025-10-27T15:42:48.654900,high,0
/Users/henrysze/Library/CloudStorage/OneDrive-TheHongKongPolytechnicUniversity/Y4_SEM1/FYP/Images_VisDrone2019/9999973_00000_d_0000025.jpg,0,"building,road,vegetation,vehicle",2025-10-27T15:42:50.095423,high,0
/Users/henrysze/Library/CloudStorage/OneDrive-TheHongKongPolytechnicUniversity/Y4_SEM1/FYP/Images_VisDrone2019/9999973_00000_d_0000026.jpg,0,"building,road,vegetation,vehicle",2025-10-27T15:42:51.600534,high,0
/Users/henrysze/Library/CloudStorage/OneDrive-TheHongKongPolytechnicUniversity/Y4_SEM1/FYP/Images_VisDrone2019/9999973_00000_d_0000027.jpg,0,"building,road,vegetation,vehicle",2025-10-27T15:42:53.781249,high,0
/Users/henrysze/Library/CloudStorage/OneDrive-TheHongKongPolytechnicUniversity/Y4_SEM1/FYP/Images_VisDrone2019/9999973_00000_d_0000028.jpg,0,"building,road,vegetation,vehicle",2025-10-27T15:42:55.239117,high,0
/Users/henrysze/Library/CloudStorage/OneDrive-TheHongKongPolytechnicUniversity/Y4_SEM1/FYP/Images_VisDrone2019/9999973_00000_d_0000031.jpg,0,"building,person_animal,road,vegetation",2025-10-27T15:43:14.024274,high,0
/Users/henrysze/Library/CloudStorage/OneDrive-TheHongKongPolytechnicUniversity/Y4_SEM1/FYP/Images_VisDrone2019/9999973_00000_d_0000032.jpg,0,"building,person_animal,road,vegetation",2025-10-27T15:43:16.605222,high,0
/Users/henrysze/Library/CloudStorage/OneDrive-TheHongKongPolytechnicUniversity/Y4_SEM1/FYP/Images_VisDrone2019/9999973_00000_d_0000033.jpg,0,"building,person_animal,road,vegetation",2025-10-27T15:43:17.861304,high,0
/Users/henrysze/Library/CloudStorage/OneDrive-TheHongKongPolytechnicUniversity/Y4_SEM1/FYP/Images_VisDrone2019/9999973_00000_d_0000034.jpg,0,"building,person_animal,road,vegetation",2025-10-27T15:43:20.267568,high,0
/Users/henrysze/Library/CloudStorage/OneDrive-TheHongKongPolytechnicUniversity/Y4_SEM1/FYP/Images_VisDrone2019/9999973_00000_d_0000035.jpg,0,"building,person_animal,road,vegetation",2025-10-27T15:43:23.675077,high,0
/Users/henrysze/Library/CloudStorage/OneDrive-TheHongKongPolytechnicUniversity/Y4_SEM1/FYP/Images_VisDrone2019/9999973_00000_d_0000036.jpg,0,"building,person_animal,road,vegetation",2025-10-27T15:43:25.469564,high,0
/Users/henrysze/Library/CloudStorage/OneDrive-TheHongKongPolytechnicUniversity/Y4_SEM1/FYP/Images_VisDrone2019/9999973_00000_d_0000037.jpg,0,"building,person_animal,road,vegetation",2025-10-27T15:43:28.471348,high,0
/Users/henrysze/Library/CloudStorage/OneDrive-TheHongKongPolytechnicUniversity/Y4_SEM1/FYP/Images_VisDrone2019/9999973_00000_d_0000039.jpg,0,"building,person_animal,road,vegetation",2025-10-27T15:43:31.967228,high,0
/Users/henrysze/Library/CloudStorage/OneDrive-TheHongKongPolytechnicUniversity/Y4_SEM1/FYP/Images_VisDrone2019/9999973_00000_d_0000040.jpg,0,"building,infrastructure,person_animal,road",2025-10-27T15:43:40.413105,high,0
/Users/henrysze/Library/CloudStorage/OneDrive-TheHongKongPolytechnicUniversity/Y4_SEM1/FYP/Images_VisDrone2019/9999973_00000_d_0000041.jpg,0,"building,person_animal,road,vegetation",2025-10-27T15:43:43.098987,high,0
/Users/henrysze/Library/CloudStorage/OneDrive-TheHongKongPolytechnicUniversity/Y4_SEM1/FYP/Images_VisDrone2019/9999973_00000_d_0000042.jpg,0,"building,person_animal,road,vegetation",2025-10-27T15:43:44.733151,high,0
/Users/henrysze/Library/CloudStorage/OneDrive-TheHongKongPolytechnicUniversity/Y4_SEM1/FYP/Images_VisDrone2019/9999973_00000_d_0000043.jpg,0,"building,person_animal,road,vegetation",2025-10-27T15:43:46.439720,high,0
/Users/henrysze/Library/CloudStorage/OneDrive-TheHongKongPolytechnicUniversity/Y4_SEM1/FYP/Images_VisDrone2019/9999973_00000_d_0000044.jpg,0,"building,road,vegetation",2025-10-27T15:44:00.250236,high,0
/Users/henrysze/Library/CloudStorage/OneDrive-TheHongKongPolytechnicUniversity/Y4_SEM1/FYP/Images_VisDrone2019/9999973_00000_d_0000045.jpg,0,"building,road,vegetation,vehicle",2025-10-27T15:44:02.959121,high,0
/Users/henrysze/Library/CloudStorage/OneDrive-TheHongKongPolytechnicUniversity/Y4_SEM1/FYP/Images_VisDrone2019/9999973_00000_d_0000046.jpg,0,"building,road,vegetation,vehicle",2025-10-27T15:44:08.250345,high,0
/Users/henrysze/Library/CloudStorage/OneDrive-TheHongKongPolytechnicUniversity/Y4_SEM1/FYP/Images_VisDrone2019/9999973_00000_d_0000047.jpg,0,"building,road,vegetation,vehicle",2025-10-27T15:44:10.367884,high,0
/Users/henrysze/Library/CloudStorage/OneDrive-TheHongKongPolytechnicUniversity/Y4_SEM1/FYP/Images_VisDrone2019/9999973_00000_d_0000049.jpg,0,"building,road,vegetation,vehicle",2025-10-27T15:44:22.532484,high,0
/Users/henrysze/Library/CloudStorage/OneDrive-TheHongKongPolytechnicUniversity/Y4_SEM1/FYP/Images_VisDrone2019/9999973_00000_d_0000050.jpg,0,"building,road,vegetation,vehicle",2025-10-27T15:44:23.956552,high,0
/Users/henrysze/Library/CloudStorage/OneDrive-TheHongKongPolytechnicUniversity/Y4_SEM1/FYP/Images_VisDrone2019/9999973_00000_d_0000051.jpg,0,"building,road,vegetation,vehicle",2025-10-27T15:44:26.231635,high,0
/Users/henrysze/Library/CloudStorage/OneDrive-TheHongKongPolytechnicUniversity/Y4_SEM1/FYP/Images_VisDrone2019/9999973_00000_d_0000052.jpg,0,"building,road,vegetation,vehicle",2025-10-27T15:44:28.763585,high,0
/Users/henrysze/Library/CloudStorage/OneDrive-TheHongKongPolytechnicUniversity/Y4_SEM1/FYP/Images_VisDrone2019/9999973_00000_d_0000053.jpg,0,"building,road,vegetation,vehicle",2025-10-27T15:44:30.459083,high,0
/Users/henrysze/Library/CloudStorage/OneDrive-TheHongKongPolytechnicUniversity/Y4_SEM1/FYP/Images_VisDrone2019/9999973_00000_d_0000054.jpg,0,"building,road,vegetation,vehicle",2025-10-27T15:44:35.122838,high,0
/Users/henrysze/Library/CloudStorage/OneDrive-TheHongKongPolytechnicUniversity/Y4_SEM1/FYP/Images_VisDrone2019/9999973_00000_d_0000055.jpg,0,"building,vegetation,vehicle",2025-10-27T15:44:43.747159,high,0
/Users/henrysze/Library/CloudStorage/OneDrive-TheHongKongPolytechnicUniversity/Y4_SEM1/FYP/Images_VisDrone2019/9999973_00000_d_0000056.jpg,0,"building,road,vegetation,vehicle",2025-10-27T15:44:47.145341,high,0
/Users/henrysze/Library/CloudStorage/OneDrive-TheHongKongPolytechnicUniversity/Y4_SEM1/FYP/Images_VisDrone2019/9999973_00000_d_0000057.jpg,0,"building,road,vegetation,vehicle",2025-10-27T15:44:50.290050,high,0
/Users/henrysze/Library/CloudStorage/OneDrive-TheHongKongPolytechnicUniversity/Y4_SEM1/FYP/Images_VisDrone2019/9999973_00000_d_0000058.jpg,0,"building,road,vegetation,vehicle",2025-10-27T15:44:59.142488,high,0
/Users/henrysze/Library/CloudStorage/OneDrive-TheHongKongPolytechnicUniversity/Y4_SEM1/FYP/Images_VisDrone2019/9999973_00000_d_0000059.jpg,0,"building,road,vegetation,vehicle",2025-10-27T15:45:03.023379,high,0
/Users/henrysze/Library/CloudStorage/OneDrive-TheHongKongPolytechnicUniversity/Y4_SEM1/FYP/Images_VisDrone2019/9999973_00000_d_0000060.jpg,0,"building,road,vegetation,vehicle",2025-10-27T15:45:06.097657,high,0
/Users/henrysze/Library/CloudStorage/OneDrive-TheHongKongPolytechnicUniversity/Y4_SEM1/FYP/Images_VisDrone2019/9999973_00000_d_0000061.jpg,0,"building,road,vegetation,vehicle",2025-10-27T15:45:08.181423,high,0
/Users/henrysze/Library/CloudStorage/OneDrive-TheHongKongPolytechnicUniversity/Y4_SEM1/FYP/Images_VisDrone2019/9999973_00000_d_0000062.jpg,0,"building,road,vegetation,vehicle",2025-10-27T15:45:11.490266,high,0
/Users/henrysze/Library/CloudStorage/OneDrive-TheHongKongPolytechnicUniversity/Y4_SEM1/FYP/Images_VisDrone2019/9999973_00000_d_0000063.jpg,0,"building,road,vegetation,vehicle",2025-10-27T15:45:14.051662,high,0
/Users/henrysze/Library/CloudStorage/OneDrive-TheHongKongPolytechnicUniversity/Y4_SEM1/FYP/Images_VisDrone2019/9999973_00000_d_0000064.jpg,0,"building,road,vegetation,vehicle",2025-10-27T15:45:16.534114,high,0
/Users/henrysze/Library/CloudStorage/OneDrive-TheHongKongPolytechnicUniversity/Y4_SEM1/FYP/Images_VisDrone2019/9999973_00000_d_0000065.jpg,0,"building,road,vegetation,vehicle",2025-10-27T15:45:18.939602,high,0
/Users/henrysze/Library/CloudStorage/OneDrive-TheHongKongPolytechnicUniversity/Y4_SEM1/FYP/Images_VisDrone2019/9999973_00000_d_0000066.jpg,0,"building,road,vegetation,vehicle",2025-10-27T15:45:23.225986,high,0
/Users/henrysze/Library/CloudStorage/OneDrive-TheHongKongPolytechnicUniversity/Y4_SEM1/FYP/Images_VisDrone2019/9999973_00000_d_0000067.jpg,0,"building,road,vegetation,vehicle",2025-10-27T15:45:24.584218,high,0
/Users/henrysze/Library/CloudStorage/OneDrive-TheHongKongPolytechnicUniversity/Y4_SEM1/FYP/Images_VisDrone2019/9999973_00000_d_0000068.jpg,0,"building,road,vegetation,vehicle",2025-10-27T15:45:26.038034,high,0
/Users/henrysze/Library/CloudStorage/OneDrive-TheHongKongPolytechnicUniversity/Y4_SEM1/FYP/Images_VisDrone2019/9999973_00000_d_0000069.jpg,0,"building,road,vegetation,vehicle",2025-10-27T15:45:27.561391,high,0
/Users/henrysze/Library/CloudStorage/OneDrive-TheHongKongPolytechnicUniversity/Y4_SEM1/FYP/Images_VisDrone2019/9999973_00000_d_0000070.jpg,0,"building,road,vegetation,vehicle",2025-10-27T15:45:30.270589,high,0
/Users/henrysze/Library/CloudStorage/OneDrive-TheHongKongPolytechnicUniversity/Y4_SEM1/FYP/Images_VisDrone2019/9999973_00000_d_0000071.jpg,0,"building,road,vegetation,vehicle",2025-10-27T15:45:33.197896,high,0
/Users/henrysze/Library/CloudStorage/OneDrive-TheHongKongPolytechnicUniversity/Y4_SEM1/FYP/Images_VisDrone2019/9999973_00000_d_0000072.jpg,0,"building,road,vegetation,vehicle",2025-10-27T15:45:34.575127,high,0
/Users/henrysze/Library/CloudStorage/OneDrive-TheHongKongPolytechnicUniversity/Y4_SEM1/FYP/Images_VisDrone2019/9999973_00000_d_0000073.jpg,0,"building,road,vegetation,vehicle",2025-10-27T15:45:38.389820,high,0
/Users/henrysze/Library/CloudStorage/OneDrive-TheHongKongPolytechnicUniversity/Y4_SEM1/FYP/Images_VisDrone2019/9999973_00000_d_0000074.jpg,0,"building,road,vegetation,vehicle",2025-10-27T15:45:40.471323,high,0
/Users/henrysze/Library/CloudStorage/OneDrive-TheHongKongPolytechnicUniversity/Y4_SEM1/FYP/Images_VisDrone2019/9999973_00000_d_0000075.jpg,0,"building,road,vegetation,vehicle",2025-10-27T15:45:42.216500,high,0
/Users/henrysze/Library/CloudStorage/OneDrive-TheHongKongPolytechnicUniversity/Y4_SEM1/FYP/Images_VisDrone2019/9999973_00000_d_0000076.jpg,0,"building,road,vegetation,vehicle",2025-10-27T15:45:45.784799,high,0
/Users/henrysze/Library/CloudStorage/OneDrive-TheHongKongPolytechnicUniversity/Y4_SEM1/FYP/Images_VisDrone2019/9999973_00000_d_0000077.jpg,0,"building,road,vegetation,vehicle",2025-10-27T15:45:47.173222,high,0
/Users/henrysze/Library/CloudStorage/OneDrive-TheHongKongPolytechnicUniversity/Y4_SEM1/FYP/Images_VisDrone2019/9999973_00000_d_0000078.jpg,0,"building,road,vegetation,vehicle",2025-10-27T15:45:49.023822,high,0
/Users/henrysze/Library/CloudStorage/OneDrive-TheHongKongPolytechnicUniversity/Y4_SEM1/FYP/Images_VisDrone2019/9999973_00000_d_0000079.jpg,0,"building,road,vegetation,vehicle",2025-10-27T15:45:51.054973,high,0
/Users/henrysze/Library/CloudStorage/OneDrive-TheHongKongPolytechnicUniversity/Y4_SEM1/FYP/Images_VisDrone2019/9999973_00000_d_0000080.jpg,0,"building,road,vegetation,vehicle",2025-10-27T15:45:52.639710,high,0
/Users/henrysze/Library/CloudStorage/OneDrive-TheHongKongPolytechnicUniversity/Y4_SEM1/FYP/Images_VisDrone2019/9999973_00000_d_0000081.jpg,0,"building,road,vegetation,vehicle",2025-10-27T15:45:58.274086,high,0
/Users/henrysze/Library/CloudStorage/OneDrive-TheHongKongPolytechnicUniversity/Y4_SEM1/FYP/Images_VisDrone2019/9999973_00000_d_0000087.jpg,0,"building,road,vegetation,vehicle",2025-10-27T15:46:29.291143,high,0
/Users/henrysze/Library/CloudStorage/OneDrive-TheHongKongPolytechnicUniversity/Y4_SEM1/FYP/Images_VisDrone2019/9999973_00000_d_0000088.jpg,0,"building,road,vegetation,vehicle",2025-10-27T15:46:32.585739,high,0
/Users/henrysze/Library/CloudStorage/OneDrive-TheHongKongPolytechnicUniversity/Y4_SEM1/FYP/Images_VisDrone2019/9999973_00000_d_0000089.jpg,0,"building,vegetation,vehicle",2025-10-27T15:46:38.266467,high,0
/Users/henrysze/Library/CloudStorage/OneDrive-TheHongKongPolytechnicUniversity/Y4_SEM1/FYP/Images_VisDrone2019/9999973_00000_d_0000090.jpg,0,"building,road,vegetation,vehicle",2025-10-27T15:46:40.203566,high,0
/Users/henrysze/Library/CloudStorage/OneDrive-TheHongKongPolytechnicUniversity/Y4_SEM1/FYP/Images_VisDrone2019/9999973_00000_d_0000094.jpg,0,"building,vegetation,vehicle",2025-10-27T15:47:04.660036,high,0
/Users/henrysze/Library/CloudStorage/OneDrive-TheHongKongPolytechnicUniversity/Y4_SEM1/FYP/Images_VisDrone2019/9999973_00000_d_0000098.jpg,0,"building,road,vegetation,vehicle",2025-10-27T15:47:27.844313,high,0
/Users/henrysze/Library/CloudStorage/OneDrive-TheHongKongPolytechnicUniversity/Y4_SEM1/FYP/Images_VisDrone2019/9999973_00000_d_0000101.jpg,0,"building,road,vegetation,vehicle",2025-10-27T16:27:39.934062,high,0
/Users/henrysze/Library/CloudStorage/OneDrive-TheHongKongPolytechnicUniversity/Y4_SEM1/FYP/Images_VisDrone2019/9999973_00000_d_0000102.jpg,0,"building,road,vegetation,vehicle",2025-10-27T16:27:45.161591,high,0
/Users/henrysze/Library/CloudStorage/OneDrive-TheHongKongPolytechnicUniversity/Y4_SEM1/FYP/Images_VisDrone2019/9999973_00000_d_0000103.jpg,0,"building,road,vegetation,vehicle",2025-10-27T16:27:49.606641,high,0
/Users/henrysze/Library/CloudStorage/OneDrive-TheHongKongPolytechnicUniversity/Y4_SEM1/FYP/Images_VisDrone2019/9999973_00000_d_0000105.jpg,0,"building,vegetation,vehicle",2025-10-27T16:27:55.716453,high,0
/Users/henrysze/Library/CloudStorage/OneDrive-TheHongKongPolytechnicUniversity/Y4_SEM1/FYP/Images_VisDrone2019/9999973_00000_d_0000106.jpg,0,"building,road,vegetation,vehicle",2025-10-27T16:27:58.722888,high,0
/Users/henrysze/Library/CloudStorage/OneDrive-TheHongKongPolytechnicUniversity/Y4_SEM1/FYP/Images_VisDrone2019/9999973_00000_d_0000107.jpg,0,"building,road,vegetation,vehicle",2025-10-27T16:28:00.730012,high,0
/Users/henrysze/Library/CloudStorage/OneDrive-TheHongKongPolytechnicUniversity/Y4_SEM1/FYP/Images_VisDrone2019/9999973_00000_d_0000114.jpg,0,"building,vegetation,vehicle",2025-10-27T16:31:28.546657,high,0
/Users/henrysze/Library/CloudStorage/OneDrive-TheHongKongPolytechnicUniversity/Y4_SEM1/FYP/Images_VisDrone2019/9999973_00000_d_0000116.jpg,0,"building,road,vegetation,vehicle",2025-10-27T16:31:39.473902,high,0
/Users/henrysze/Library/CloudStorage/OneDrive-TheHongKongPolytechnicUniversity/Y4_SEM1/FYP/Images_VisDrone2019/9999973_00000_d_0000119.jpg,0,"building,vegetation,vehicle",2025-10-27T16:31:54.511862,high,0
/Users/henrysze/Library/CloudStorage/OneDrive-TheHongKongPolytechnicUniversity/Y4_SEM1/FYP/Images_VisDrone2019/9999973_00000_d_0000132.jpg,0,"building,vegetation,vehicle",2025-10-27T16:33:14.823675,high,0
/Users/henrysze/Library/CloudStorage/OneDrive-TheHongKongPolytechnicUniversity/Y4_SEM1/FYP/Images_VisDrone2019/9999973_00000_d_0000133.jpg,0,"building,road,vegetation,vehicle",2025-10-27T16:33:29.501876,high,0
/Users/henrysze/Library/CloudStorage/OneDrive-TheHongKongPolytechnicUniversity/Y4_SEM1/FYP/Images_VisDrone2019/9999973_00000_d_0000135.jpg,0,"building,road,vegetation,vehicle",2025-10-27T16:33:39.639879,high,0
/Users/henrysze/Library/CloudStorage/OneDrive-TheHongKongPolytechnicUniversity/Y4_SEM1/FYP/Images_VisDrone2019/9999973_00000_d_0000138.jpg,0,"building,road,vegetation,vehicle",2025-10-27T16:33:55.370656,high,0
/Users/henrysze/Library/CloudStorage/OneDrive-TheHongKongPolytechnicUniversity/Y4_SEM1/FYP/Images_VisDrone2019/9999973_00000_d_0000142.jpg,0,"building,road,vegetation,vehicle",2025-10-27T16:34:04.945809,high,0
/Users/henrysze/Library/CloudStorage/OneDrive-TheHongKongPolytechnicUniversity/Y4_SEM1/FYP/Images_VisDrone2019/9999973_00000_d_0000143.jpg,0,"building,road,vegetation,vehicle",2025-10-27T16:34:06.673047,high,0
/Users/henrysze/Library/CloudStorage/OneDrive-TheHongKongPolytechnicUniversity/Y4_SEM1/FYP/Images_VisDrone2019/9999973_00000_d_0000146.jpg,0,"building,road,vegetation,vehicle",2025-10-27T16:34:17.180090,high,0
/Users/henrysze/Library/CloudStorage/OneDrive-TheHongKongPolytechnicUniversity/Y4_SEM1/FYP/Images_VisDrone2019/9999973_00000_d_0000149.jpg,0,"building,road,vegetation,vehicle",2025-10-27T16:34:29.191572,high,0
/Users/henrysze/Library/CloudStorage/OneDrive-TheHongKongPolytechnicUniversity/Y4_SEM1/FYP/Images_VisDrone2019/9999976_00000_d_0000002.jpg,0,"building,road,vegetation",2025-10-27T16:34:52.394833,high,0
/Users/henrysze/Library/CloudStorage/OneDrive-TheHongKongPolytechnicUniversity/Y4_SEM1/FYP/Images_VisDrone2019/9999976_00000_d_0000003.jpg,0,"building,road,vegetation",2025-10-27T16:35:02.417050,high,0
/Users/henrysze/Library/CloudStorage/OneDrive-TheHongKongPolytechnicUniversity/Y4_SEM1/FYP/Images_VisDrone2019/9999976_00000_d_0000004.jpg,0,"building,road,vegetation",2025-10-27T16:35:08.294565,high,0
/Users/henrysze/Library/CloudStorage/OneDrive-TheHongKongPolytechnicUniversity/Y4_SEM1/FYP/Images_VisDrone2019/9999976_00000_d_0000005.jpg,0,"building,road,vegetation,vehicle",2025-10-27T16:35:15.601884,high,0
/Users/henrysze/Library/CloudStorage/OneDrive-TheHongKongPolytechnicUniversity/Y4_SEM1/FYP/Images_VisDrone2019/9999976_00000_d_0000008.jpg,0,"building,road,vegetation,vehicle",2025-10-27T16:35:23.143801,high,0
/Users/henrysze/Library/CloudStorage/OneDrive-TheHongKongPolytechnicUniversity/Y4_SEM1/FYP/Images_VisDrone2019/9999976_00000_d_0000011.jpg,0,"building,road,vegetation,vehicle",2025-10-27T16:35:34.821310,high,0
/Users/henrysze/Library/CloudStorage/OneDrive-TheHongKongPolytechnicUniversity/Y4_SEM1/FYP/Images_VisDrone2019/9999976_00000_d_0000012.jpg,0,"building,road,vegetation,vehicle",2025-10-27T16:35:41.412023,high,0
/Users/henrysze/Library/CloudStorage/OneDrive-TheHongKongPolytechnicUniversity/Y4_SEM1/FYP/Images_VisDrone2019/9999976_00000_d_0000013.jpg,0,"building,road,vegetation,vehicle",2025-10-27T16:35:45.828895,high,0
/Users/henrysze/Library/CloudStorage/OneDrive-TheHongKongPolytechnicUniversity/Y4_SEM1/FYP/Images_VisDrone2019/9999976_00000_d_0000014.jpg,0,"building,road,vegetation,vehicle",2025-10-27T16:35:53.981006,high,0
/Users/henrysze/Library/CloudStorage/OneDrive-TheHongKongPolytechnicUniversity/Y4_SEM1/FYP/Images_VisDrone2019/9999976_00000_d_0000015.jpg,0,"building,road,vegetation,vehicle",2025-10-27T16:35:59.503946,high,0
/Users/henrysze/Library/CloudStorage/OneDrive-TheHongKongPolytechnicUniversity/Y4_SEM1/FYP/Images_VisDrone2019/9999976_00000_d_0000016.jpg,0,"building,road,vegetation,vehicle",2025-10-27T16:36:01.798323,high,0
/Users/henrysze/Library/CloudStorage/OneDrive-TheHongKongPolytechnicUniversity/Y4_SEM1/FYP/Images_VisDrone2019/9999976_00000_d_0000017.jpg,0,"building,road,vegetation,vehicle",2025-10-27T16:36:03.307258,high,0
/Users/henrysze/Library/CloudStorage/OneDrive-TheHongKongPolytechnicUniversity/Y4_SEM1/FYP/Images_VisDrone2019/9999976_00000_d_0000018.jpg,0,"building,road,vegetation,vehicle",2025-10-27T16:36:04.768027,high,0
/Users/henrysze/Library/CloudStorage/OneDrive-TheHongKongPolytechnicUniversity/Y4_SEM1/FYP/Images_VisDrone2019/9999976_00000_d_0000019.jpg,0,"building,road,vegetation,vehicle",2025-10-27T16:36:06.636052,high,0
/Users/henrysze/Library/CloudStorage/OneDrive-TheHongKongPolytechnicUniversity/Y4_SEM1/FYP/Images_VisDrone2019/9999976_00000_d_0000020.jpg,0,"building,road,vegetation,vehicle",2025-10-27T16:36:12.095509,high,0
/Users/henrysze/Library/CloudStorage/OneDrive-TheHongKongPolytechnicUniversity/Y4_SEM1/FYP/Images_VisDrone2019/9999976_00000_d_0000021.jpg,0,"building,road,vegetation,vehicle",2025-10-27T16:36:15.058827,high,0
/Users/henrysze/Library/CloudStorage/OneDrive-TheHongKongPolytechnicUniversity/Y4_SEM1/FYP/Images_VisDrone2019/9999976_00000_d_0000024.jpg,0,"building,road,vegetation,vehicle",2025-10-27T16:36:23.769986,high,0
/Users/henrysze/Library/CloudStorage/OneDrive-TheHongKongPolytechnicUniversity/Y4_SEM1/FYP/Images_VisDrone2019/9999976_00000_d_0000025.jpg,0,"building,road,vegetation,vehicle",2025-10-27T16:36:25.859506,high,0
/Users/henrysze/Library/CloudStorage/OneDrive-TheHongKongPolytechnicUniversity/Y4_SEM1/FYP/Images_VisDrone2019/9999976_00000_d_0000029.jpg,0,"building,road,vegetation",2025-10-27T16:36:38.754066,high,0
/Users/henrysze/Library/CloudStorage/OneDrive-TheHongKongPolytechnicUniversity/Y4_SEM1/FYP/Images_VisDrone2019/9999976_00000_d_0000030.jpg,0,"building,person_animal,road,vegetation",2025-10-27T16:36:48.296172,high,0
/Users/henrysze/Library/CloudStorage/OneDrive-TheHongKongPolytechnicUniversity/Y4_SEM1/FYP/Images_VisDrone2019/9999976_00000_d_0000031.jpg,0,"building,road,vegetation",2025-10-27T16:36:53.431945,high,0
/Users/henrysze/Library/CloudStorage/OneDrive-TheHongKongPolytechnicUniversity/Y4_SEM1/FYP/Images_VisDrone2019/9999976_00000_d_0000034.jpg,0,"building,road,vegetation",2025-10-27T16:37:08.028287,high,0
/Users/henrysze/Library/CloudStorage/OneDrive-TheHongKongPolytechnicUniversity/Y4_SEM1/FYP/Images_VisDrone2019/9999979_00000_d_0000038.jpg,0,"building,road,vegetation",2025-10-27T16:57:13.676422,high,0
/Users/henrysze/Library/CloudStorage/OneDrive-TheHongKongPolytechnicUniversity/Y4_SEM1/FYP/Images_VisDrone2019/9999979_00000_d_0000041.jpg,0,"building,road",2025-10-27T16:57:31.031213,high,0
/Users/henrysze/Library/CloudStorage/OneDrive-TheHongKongPolytechnicUniversity/Y4_SEM1/FYP/Images_VisDrone2019/9999979_00000_d_0000042.jpg,0,"building,road,vegetation,vehicle",2025-10-27T16:57:39.373054,high,0
/Users/henrysze/Library/CloudStorage/OneDrive-TheHongKongPolytechnicUniversity/Y4_SEM1/FYP/Images_VisDrone2019/9999979_00000_d_0000043.jpg,0,"building,road,vegetation,vehicle",2025-10-27T16:57:42.769104,high,0
/Users/henrysze/Library/CloudStorage/OneDrive-TheHongKongPolytechnicUniversity/Y4_SEM1/FYP/Images_VisDrone2019/9999979_00000_d_0000044.jpg,0,"building,road,vegetation,vehicle",2025-10-27T16:57:46.770594,high,0
/Users/henrysze/Library/CloudStorage/OneDrive-TheHongKongPolytechnicUniversity/Y4_SEM1/FYP/Images_VisDrone2019/9999979_00000_d_0000045.jpg,0,"building,road,vegetation,vehicle",2025-10-27T16:57:52.877757,high,0
/Users/henrysze/Library/CloudStorage/OneDrive-TheHongKongPolytechnicUniversity/Y4_SEM1/FYP/Images_VisDrone2019/9999979_00000_d_0000050.jpg,0,"building,road,vegetation,vehicle",2025-10-27T16:58:20.914877,high,0
/Users/henrysze/Library/CloudStorage/OneDrive-TheHongKongPolytechnicUniversity/Y4_SEM1/FYP/Images_VisDrone2019/9999979_00000_d_0000051.jpg,0,"building,road,vegetation,vehicle",2025-10-27T16:58:34.251729,high,0
/Users/henrysze/Library/CloudStorage/OneDrive-TheHongKongPolytechnicUniversity/Y4_SEM1/FYP/Images_VisDrone2019/9999979_00000_d_0000052.jpg,0,"building,road,vegetation,vehicle",2025-10-27T16:58:37.038505,high,0
/Users/henrysze/Library/CloudStorage/OneDrive-TheHongKongPolytechnicUniversity/Y4_SEM1/FYP/Images_VisDrone2019/9999980_00000_d_0000002.jpg,0,"road,vegetation,vehicle",2025-10-27T16:59:04.668939,high,0
/Users/henrysze/Library/CloudStorage/OneDrive-TheHongKongPolytechnicUniversity/Y4_SEM1/FYP/Images_VisDrone2019/9999980_00000_d_0000003.jpg,1,"building,person_animal",2025-10-27T16:59:18.871658,high,0
/Users/henrysze/Library/CloudStorage/OneDrive-TheHongKongPolytechnicUniversity/Y4_SEM1/FYP/Images_VisDrone2019/9999986_00000_d_0000008.jpg,0,"building,person_animal,road,vehicle",2025-10-27T16:59:53.126333,high,0
/Users/henrysze/Library/CloudStorage/OneDrive-TheHongKongPolytechnicUniversity/Y4_SEM1/FYP/Images_VisDrone2019/9999986_00000_d_0000009.jpg,0,"building,person_animal,road,vehicle",2025-10-27T16:59:59.912793,high,0
/Users/henrysze/Library/CloudStorage/OneDrive-TheHongKongPolytechnicUniversity/Y4_SEM1/FYP/Images_VisDrone2019/9999986_00000_d_0000010.jpg,0,"building,person_animal,road,vegetation,vehicle",2025-10-27T17:00:05.211222,high,0
/Users/henrysze/Library/CloudStorage/OneDrive-TheHongKongPolytechnicUniversity/Y4_SEM1/FYP/Images_VisDrone2019/9999986_00000_d_0000016.jpg,0,"building,person_animal,road,vegetation,vehicle",2025-10-27T17:07:13.416642,high,0
/Users/henrysze/Library/CloudStorage/OneDrive-TheHongKongPolytechnicUniversity/Y4_SEM1/FYP/Images_VisDrone2019/9999986_00000_d_0000017.jpg,0,"building,person_animal,road,vegetation,vehicle",2025-10-27T17:07:17.947071,high,0
/Users/henrysze/Library/CloudStorage/OneDrive-TheHongKongPolytechnicUniversity/Y4_SEM1/FYP/Images_VisDrone2019/9999986_00000_d_0000018.jpg,0,"building,person_animal,road,vegetation,vehicle",2025-10-27T17:07:21.811262,high,0
/Users/henrysze/Library/CloudStorage/OneDrive-TheHongKongPolytechnicUniversity/Y4_SEM1/FYP/Images_VisDrone2019/9999986_00000_d_0000019.jpg,0,"building,person_animal,road,vegetation,vehicle",2025-10-27T17:07:24.552080,high,0
/Users/henrysze/Library/CloudStorage/OneDrive-TheHongKongPolytechnicUniversity/Y4_SEM1/FYP/Images_VisDrone2019/9999986_00000_d_0000020.jpg,0,"building,road,vegetation,vehicle",2025-10-27T17:07:27.530789,high,0
/Users/henrysze/Library/CloudStorage/OneDrive-TheHongKongPolytechnicUniversity/Y4_SEM1/FYP/Images_VisDrone2019/9999986_00000_d_0000024.jpg,0,"building,road,vegetation,vehicle",2025-10-27T17:07:51.275017,high,0
/Users/henrysze/Library/CloudStorage/OneDrive-TheHongKongPolytechnicUniversity/Y4_SEM1/FYP/Images_VisDrone2019/9999986_00000_d_0000025.jpg,0,"building,road,vegetation,vehicle",2025-10-27T17:07:54.219591,high,0
/Users/henrysze/Library/CloudStorage/OneDrive-TheHongKongPolytechnicUniversity/Y4_SEM1/FYP/Images_VisDrone2019/9999986_00000_d_0000026.jpg,0,"building,person_animal,road,vegetation,vehicle",2025-10-27T17:07:59.413129,high,0
/Users/henrysze/Library/CloudStorage/OneDrive-TheHongKongPolytechnicUniversity/Y4_SEM1/FYP/Images_VisDrone2019/9999986_00000_d_0000031.jpg,0,"building,road,vegetation,vehicle",2025-10-27T17:08:22.977708,high,0
/Users/henrysze/Library/CloudStorage/OneDrive-TheHongKongPolytechnicUniversity/Y4_SEM1/FYP/Images_VisDrone2019/9999986_00000_d_0000056.jpg,0,"building,person_animal,road,vegetation,vehicle",2025-10-27T17:09:15.033931,high,0
/Users/henrysze/Library/CloudStorage/OneDrive-TheHongKongPolytechnicUniversity/Y4_SEM1/FYP/Images_VisDrone2019/9999993_00000_d_0000005.jpg,0,"building,road,vegetation,vehicle",2025-10-27T17:09:43.684532,high,0
/Users/henrysze/Library/CloudStorage/OneDrive-TheHongKongPolytechnicUniversity/Y4_SEM1/FYP/Images_VisDrone2019/9999993_00000_d_0000011.jpg,0,"building,road,vegetation,vehicle",2025-10-27T17:11:51.938494,high,0
/Users/henrysze/Library/CloudStorage/OneDrive-TheHongKongPolytechnicUniversity/Y4_SEM1/FYP/Images_VisDrone2019/9999993_00000_d_0000014.jpg,0,"building,person_animal,road,vegetation,vehicle",2025-10-27T17:12:01.736716,high,0
/Users/henrysze/Library/CloudStorage/OneDrive-TheHongKongPolytechnicUniversity/Y4_SEM1/FYP/Images_VisDrone2019/9999993_00000_d_0000017.jpg,0,"building,road,vegetation,vehicle",2025-10-27T17:12:12.444370,high,0
/Users/henrysze/Library/CloudStorage/OneDrive-TheHongKongPolytechnicUniversity/Y4_SEM1/FYP/Images_VisDrone2019/9999993_00000_d_0000018.jpg,0,"building,road,vegetation,vehicle",2025-10-27T17:12:15.390572,high,0
/Users/henrysze/Library/CloudStorage/OneDrive-TheHongKongPolytechnicUniversity/Y4_SEM1/FYP/Images_VisDrone2019/9999993_00000_d_0000019.jpg,0,"building,road,vegetation,vehicle",2025-10-27T17:12:18.932847,high,0
/Users/henrysze/Library/CloudStorage/OneDrive-TheHongKongPolytechnicUniversity/Y4_SEM1/FYP/Images_VisDrone2019/9999993_00000_d_0000022.jpg,0,"building,road,vegetation,vehicle",2025-10-27T17:12:26.746199,high,0
/Users/henrysze/Library/CloudStorage/OneDrive-TheHongKongPolytechnicUniversity/Y4_SEM1/FYP/Images_VisDrone2019/9999996_00000_d_0000004.jpg,0,"building,road,vegetation",2025-10-27T17:13:06.214981,high,0
/Users/henrysze/Library/CloudStorage/OneDrive-TheHongKongPolytechnicUniversity/Y4_SEM1/FYP/Images_VisDrone2019/9999996_00000_d_0000005.jpg,0,"building,vegetation",2025-10-27T17:13:10.422152,high,0
/Users/henrysze/Library/CloudStorage/OneDrive-TheHongKongPolytechnicUniversity/Y4_SEM1/FYP/Images_VisDrone2019/9999996_00000_d_0000006.jpg,0,building,2025-10-27T17:13:14.924364,high,0
/Users/henrysze/Library/CloudStorage/OneDrive-TheHongKongPolytechnicUniversity/Y4_SEM1/FYP/Images_VisDrone2019/9999996_00000_d_0000007.jpg,0,"building,vegetation",2025-10-27T17:13:18.502712,high,0
/Users/henrysze/Library/CloudStorage/OneDrive-TheHongKongPolytechnicUniversity/Y4_SEM1/FYP/Images_VisDrone2019/9999996_00000_d_0000014.jpg,0,"building,road,vegetation,vehicle",2025-10-27T17:14:11.071323,high,0
/Users/henrysze/Library/CloudStorage/OneDrive-TheHongKongPolytechnicUniversity/Y4_SEM1/FYP/Images_VisDrone2019/9999996_00000_d_0000020.jpg,0,"road,vegetation,vehicle",2025-10-27T17:28:17.345349,high,0
/Users/henrysze/Library/CloudStorage/OneDrive-TheHongKongPolytechnicUniversity/Y4_SEM1/FYP/Images_VisDrone2019/9999996_00000_d_0000022.jpg,0,"road,vegetation,vehicle",2025-10-27T17:28:29.550345,high,0
/Users/henrysze/Library/CloudStorage/OneDrive-TheHongKongPolytechnicUniversity/Y4_SEM1/FYP/Images_VisDrone2019/rejected_images/9999941_00000_d_0000028_blurry.jpg,0,"building,road,vegetation,vehicle",2025-10-27T17:35:38.586180,high,0
/Users/henrysze/Library/CloudStorage/OneDrive-TheHongKongPolytechnicUniversity/Y4_SEM1/FYP/Images_VisDrone2019/rejected_images/9999952_00000_d_0000072_blurry.jpg,0,"building,road,vehicle",2025-10-27T17:40:03.235856,high,0
/Users/henrysze/Library/CloudStorage/OneDrive-TheHongKongPolytechnicUniversity/Y4_SEM1/FYP/Images_VisDrone2019/0000122_01200_d_0000119.jpg,0,"building,road,vegetation,vehicle",2025-10-27T20:06:09.634410,high,0
/Users/henrysze/Library/CloudStorage/OneDrive-TheHongKongPolytechnicUniversity/Y4_SEM1/FYP/Images_VisDrone2019/0000123_01819_d_0000120.jpg,0,"building,road,vegetation,vehicle",2025-10-27T20:06:12.932015,high,0
/Users/henrysze/Library/CloudStorage/OneDrive-TheHongKongPolytechnicUniversity/Y4_SEM1/FYP/Images_VisDrone2019/0000124_02088_d_0000121.jpg,0,"building,road,vegetation,vehicle",2025-10-27T20:06:14.185135,high,0
/Users/henrysze/Library/CloudStorage/OneDrive-TheHongKongPolytechnicUniversity/Y4_SEM1/FYP/Images_VisDrone2019/0000125_00084_d_0000122.jpg,0,"building,road,vegetation,vehicle",2025-10-27T20:06:15.335129,high,0
/Users/henrysze/Library/CloudStorage/OneDrive-TheHongKongPolytechnicUniversity/Y4_SEM1/FYP/Images_VisDrone2019/0000125_00574_d_0000123.jpg,0,"building,road,vegetation,vehicle",2025-10-27T20:06:16.492914,high,0
/Users/henrysze/Library/CloudStorage/OneDrive-TheHongKongPolytechnicUniversity/Y4_SEM1/FYP/Images_VisDrone2019/0000126_00054_d_0000124.jpg,0,"building,road,vegetation,vehicle",2025-10-27T20:06:18.513922,high,0
/Users/henrysze/Library/CloudStorage/OneDrive-TheHongKongPolytechnicUniversity/Y4_SEM1/FYP/Images_VisDrone2019/0000126_02076_d_0000125.jpg,0,"building,road,vegetation,vehicle",2025-10-27T20:06:19.777490,high,0
/Users/henrysze/Library/CloudStorage/OneDrive-TheHongKongPolytechnicUniversity/Y4_SEM1/FYP/Images_VisDrone2019/0000126_02406_d_0000126.jpg,0,"building,road,vegetation,vehicle",2025-10-27T20:06:20.947281,high,0
/Users/henrysze/Library/CloudStorage/OneDrive-TheHongKongPolytechnicUniversity/Y4_SEM1/FYP/Images_VisDrone2019/0000126_02904_d_0000127.jpg,0,"building,road,vegetation,vehicle",2025-10-27T20:06:22.252710,high,0
/Users/henrysze/Library/CloudStorage/OneDrive-TheHongKongPolytechnicUniversity/Y4_SEM1/FYP/Images_VisDrone2019/0000126_03402_d_0000128.jpg,0,"building,road,vegetation,vehicle",2025-10-27T20:06:23.587004,high,0
/Users/henrysze/Library/CloudStorage/OneDrive-TheHongKongPolytechnicUniversity/Y4_SEM1/FYP/Images_VisDrone2019/0000126_03828_d_0000129.jpg,0,"building,road,vegetation,vehicle",2025-10-27T20:06:25.070264,high,0
/Users/henrysze/Library/CloudStorage/OneDrive-TheHongKongPolytechnicUniversity/Y4_SEM1/FYP/Images_VisDrone2019/0000126_11844_d_0000130.jpg,0,"building,road,vegetation,vehicle",2025-10-27T20:06:26.777503,high,0
/Users/henrysze/Library/CloudStorage/OneDrive-TheHongKongPolytechnicUniversity/Y4_SEM1/FYP/Images_VisDrone2019/0000130_01308_d_0000139.jpg,0,"building,road,vegetation,vehicle",2025-10-27T20:06:38.234080,high,0
/Users/henrysze/Library/CloudStorage/OneDrive-TheHongKongPolytechnicUniversity/Y4_SEM1/FYP/Images_VisDrone2019/0000132_01903_d_0000140.jpg,0,"building,road,vegetation,vehicle",2025-10-27T20:06:39.274264,high,0
/Users/henrysze/Library/CloudStorage/OneDrive-TheHongKongPolytechnicUniversity/Y4_SEM1/FYP/Images_VisDrone2019/0000133_00078_d_0000141.jpg,0,"building,road,vegetation,vehicle",2025-10-27T20:06:40.550159,high,0
/Users/henrysze/Library/CloudStorage/OneDrive-TheHongKongPolytechnicUniversity/Y4_SEM1/FYP/Images_VisDrone2019/0000133_00480_d_0000142.jpg,0,"building,road,vegetation,vehicle",2025-10-27T20:06:42.438819,high,0
/Users/henrysze/Library/CloudStorage/OneDrive-TheHongKongPolytechnicUniversity/Y4_SEM1/FYP/Images_VisDrone2019/0000133_00846_d_0000143.jpg,0,"building,road,vegetation,vehicle",2025-10-27T20:06:44.063095,high,0
/Users/henrysze/Library/CloudStorage/OneDrive-TheHongKongPolytechnicUniversity/Y4_SEM1/FYP/Images_VisDrone2019/0000133_01764_d_0000144.jpg,0,"building,road,vegetation,vehicle",2025-10-27T20:06:45.582060,high,0
/Users/henrysze/Library/CloudStorage/OneDrive-TheHongKongPolytechnicUniversity/Y4_SEM1/FYP/Images_VisDrone2019/0000134_00858_d_0000145.jpg,1,"building,person_animal,road,vegetation,vehicle",2025-10-27T20:06:50.857377,high,0
/Users/henrysze/Library/CloudStorage/OneDrive-TheHongKongPolytechnicUniversity/Y4_SEM1/FYP/Images_VisDrone2019/0000134_01332_d_0000146.jpg,0,"building,road,vegetation,vehicle",2025-10-27T20:06:52.140472,high,0
/Users/henrysze/Library/CloudStorage/OneDrive-TheHongKongPolytechnicUniversity/Y4_SEM1/FYP/Images_VisDrone2019/0000134_01791_d_0000147.jpg,0,"building,person_animal,road,vegetation,vehicle",2025-10-27T20:06:58.485750,high,0
/Users/henrysze/Library/CloudStorage/OneDrive-TheHongKongPolytechnicUniversity/Y4_SEM1/FYP/Images_VisDrone2019/0000134_02166_d_0000148.jpg,0,"building,person_animal,road,vegetation,vehicle",2025-10-27T20:07:02.464118,high,0
/Users/henrysze/Library/CloudStorage/OneDrive-TheHongKongPolytechnicUniversity/Y4_SEM1/FYP/Images_VisDrone2019/0000135_00118_d_0000149.jpg,0,"building,person_animal,road,vegetation,vehicle",2025-10-27T20:07:03.733168,high,0
/Users/henrysze/Library/CloudStorage/OneDrive-TheHongKongPolytechnicUniversity/Y4_SEM1/FYP/Images_VisDrone2019/0000135_00828_d_0000150.jpg,0,"building,person_animal,road,vegetation,vehicle",2025-10-27T20:07:05.615702,high,0
/Users/henrysze/Library/CloudStorage/OneDrive-TheHongKongPolytechnicUniversity/Y4_SEM1/FYP/Images_VisDrone2019/0000135_01327_d_0000151.jpg,0,"building,person_animal,road,vegetation,vehicle",2025-10-27T20:07:08.174379,high,0
/Users/henrysze/Library/CloudStorage/OneDrive-TheHongKongPolytechnicUniversity/Y4_SEM1/FYP/Images_VisDrone2019/0000135_01638_d_0000152.jpg,0,"building,person_animal,road,vegetation,vehicle",2025-10-27T20:07:10.166808,high,0
/Users/henrysze/Library/CloudStorage/OneDrive-TheHongKongPolytechnicUniversity/Y4_SEM1/FYP/Images_VisDrone2019/0000135_01896_d_0000153.jpg,0,"building,person_animal,road,vegetation,vehicle",2025-10-27T20:07:13.541754,high,0
/Users/henrysze/Library/CloudStorage/OneDrive-TheHongKongPolytechnicUniversity/Y4_SEM1/FYP/Images_VisDrone2019/0000136_00162_d_0000154.jpg,0,"building,road,vegetation,vehicle",2025-10-27T20:07:18.812760,high,0
/Users/henrysze/Library/CloudStorage/OneDrive-TheHongKongPolytechnicUniversity/Y4_SEM1/FYP/Images_VisDrone2019/0000136_00456_d_0000155.jpg,0,"building,road,vegetation,vehicle",2025-10-27T20:07:26.268046,high,0
/Users/henrysze/Library/CloudStorage/OneDrive-TheHongKongPolytechnicUniversity/Y4_SEM1/FYP/Images_VisDrone2019/0000136_00900_d_0000156.jpg,0,"building,person_animal,road,vegetation,vehicle",2025-10-27T20:07:30.031800,high,0
/Users/henrysze/Library/CloudStorage/OneDrive-TheHongKongPolytechnicUniversity/Y4_SEM1/FYP/Images_VisDrone2019/0000136_01783_d_0000157.jpg,0,"building,person_animal,road,vegetation,vehicle",2025-10-27T20:07:31.774427,high,0
/Users/henrysze/Library/CloudStorage/OneDrive-TheHongKongPolytechnicUniversity/Y4_SEM1/FYP/Images_VisDrone2019/0000136_02529_d_0000158.jpg,0,"building,person_animal,road,vegetation,vehicle",2025-10-27T20:07:33.382093,high,0
/Users/henrysze/Library/CloudStorage/OneDrive-TheHongKongPolytechnicUniversity/Y4_SEM1/FYP/Images_VisDrone2019/0000137_00509_d_0000159.jpg,0,"building,person_animal,road,vegetation,vehicle",2025-10-27T20:07:35.821282,high,0
/Users/henrysze/Library/CloudStorage/OneDrive-TheHongKongPolytechnicUniversity/Y4_SEM1/FYP/Images_VisDrone2019/0000137_00960_d_0000160.jpg,0,"building,person_animal,road,vegetation,vehicle",2025-10-27T20:07:39.829931,high,0
/Users/henrysze/Library/CloudStorage/OneDrive-TheHongKongPolytechnicUniversity/Y4_SEM1/FYP/Images_VisDrone2019/0000137_01372_d_0000161.jpg,0,"building,person_animal,road,vegetation,vehicle",2025-10-27T20:07:43.349311,high,0
/Users/henrysze/Library/CloudStorage/OneDrive-TheHongKongPolytechnicUniversity/Y4_SEM1/FYP/Images_VisDrone2019/0000137_01824_d_0000162.jpg,0,"building,person_animal,road,vegetation,vehicle",2025-10-27T20:07:45.154729,high,0
/Users/henrysze/Library/CloudStorage/OneDrive-TheHongKongPolytechnicUniversity/Y4_SEM1/FYP/Images_VisDrone2019/0000137_02220_d_0000163.jpg,0,"building,person_animal,road,vehicle",2025-10-27T20:07:49.354002,high,0
/Users/henrysze/Library/CloudStorage/OneDrive-TheHongKongPolytechnicUniversity/Y4_SEM1/FYP/Images_VisDrone2019/0000137_02372_d_0000164.jpg,0,"building,person_animal,road,vegetation,vehicle",2025-10-27T20:07:56.403650,high,0
/Users/henrysze/Library/CloudStorage/OneDrive-TheHongKongPolytechnicUniversity/Y4_SEM1/FYP/Images_VisDrone2019/0000139_00012_d_0000001.jpg,0,"building,person_animal,road,vegetation,vehicle",2025-10-27T20:07:58.237904,high,0
/Users/henrysze/Library/CloudStorage/OneDrive-TheHongKongPolytechnicUniversity/Y4_SEM1/FYP/Images_VisDrone2019/0000140_00118_d_0000002.jpg,0,"building,road,vegetation,vehicle",2025-10-27T20:08:04.580810,high,0
/Users/henrysze/Library/CloudStorage/OneDrive-TheHongKongPolytechnicUniversity/Y4_SEM1/FYP/Images_VisDrone2019/0000140_01877_d_0000003.jpg,0,"building,person_animal,road,vegetation,vehicle",2025-10-27T20:08:08.253681,high,0
/Users/henrysze/Library/CloudStorage/OneDrive-TheHongKongPolytechnicUniversity/Y4_SEM1/FYP/Images_VisDrone2019/0000140_02077_d_0000004.jpg,0,"building,person_animal,road,vegetation,vehicle",2025-10-27T20:08:21.483448,high,0
/Users/henrysze/Library/CloudStorage/OneDrive-TheHongKongPolytechnicUniversity/Y4_SEM1/FYP/Images_VisDrone2019/0000140_02277_d_0000005.jpg,0,"building,person_animal,road,vegetation,vehicle",2025-10-27T20:08:27.580979,high,0
/Users/henrysze/Library/CloudStorage/OneDrive-TheHongKongPolytechnicUniversity/Y4_SEM1/FYP/Images_VisDrone2019/0000140_02677_d_0000007.jpg,0,"building,person_animal,road,vegetation,vehicle",2025-10-27T20:09:00.355184,high,0
/Users/henrysze/Library/CloudStorage/OneDrive-TheHongKongPolytechnicUniversity/Y4_SEM1/FYP/Images_VisDrone2019/0000141_00251_d_0000009.jpg,1,"building,person_animal,road,vegetation,vehicle",2025-10-27T20:09:03.471369,high,0
/Users/henrysze/Library/CloudStorage/OneDrive-TheHongKongPolytechnicUniversity/Y4_SEM1/FYP/Images_VisDrone2019/0000141_00651_d_0000011.jpg,1,"building,person_animal,road,vegetation,vehicle",2025-10-27T20:09:06.764430,high,0
/Users/henrysze/Library/CloudStorage/OneDrive-TheHongKongPolytechnicUniversity/Y4_SEM1/FYP/Images_VisDrone2019/0000141_00851_d_0000012.jpg,1,"building,person_animal,road,vegetation,vehicle",2025-10-27T20:09:12.079299,high,0
/Users/henrysze/Library/CloudStorage/OneDrive-TheHongKongPolytechnicUniversity/Y4_SEM1/FYP/Images_VisDrone2019/0000141_01851_d_0000017.jpg,1,"building,person_animal,road,vegetation,vehicle",2025-10-27T20:09:16.962543,high,0
/Users/henrysze/Library/CloudStorage/OneDrive-TheHongKongPolytechnicUniversity/Y4_SEM1/FYP/Images_VisDrone2019/0000141_02051_d_0000018.jpg,1,"building,person_animal,road,vegetation,vehicle",2025-10-27T20:09:21.866913,high,0
/Users/henrysze/Library/CloudStorage/OneDrive-TheHongKongPolytechnicUniversity/Y4_SEM1/FYP/Images_VisDrone2019/0000141_02251_d_0000019.jpg,0,"building,person_animal,road,vegetation,vehicle",2025-10-27T20:09:34.262796,high,0
/Users/henrysze/Library/CloudStorage/OneDrive-TheHongKongPolytechnicUniversity/Y4_SEM1/FYP/Images_VisDrone2019/0000142_00058_d_0000023.jpg,0,"building,person_animal,road,vegetation,vehicle",2025-10-27T20:09:43.669751,high,0
/Users/henrysze/Library/CloudStorage/OneDrive-TheHongKongPolytechnicUniversity/Y4_SEM1/FYP/Images_VisDrone2019/0000142_00258_d_0000024.jpg,1,"building,person_animal,road,vegetation,vehicle",2025-10-27T20:09:46.742362,high,0
/Users/henrysze/Library/CloudStorage/OneDrive-TheHongKongPolytechnicUniversity/Y4_SEM1/FYP/Images_VisDrone2019/0000142_00458_d_0000025.jpg,1,"building,person_animal,road,vegetation,vehicle",2025-10-27T20:09:49.707407,high,0
/Users/henrysze/Library/CloudStorage/OneDrive-TheHongKongPolytechnicUniversity/Y4_SEM1/FYP/Images_VisDrone2019/0000142_01058_d_0000028.jpg,0,"building,road,vegetation,vehicle",2025-10-27T20:10:07.335383,high,0
/Users/henrysze/Library/CloudStorage/OneDrive-TheHongKongPolytechnicUniversity/Y4_SEM1/FYP/Images_VisDrone2019/0000142_01258_d_0000029.jpg,0,"building,road,vegetation,vehicle",2025-10-27T20:10:08.893043,high,0
/Users/henrysze/Library/CloudStorage/OneDrive-TheHongKongPolytechnicUniversity/Y4_SEM1/FYP/Images_VisDrone2019/0000142_01458_d_0000030.jpg,0,"building,road,vegetation,vehicle",2025-10-27T20:10:10.484962,high,0
/Users/henrysze/Library/CloudStorage/OneDrive-TheHongKongPolytechnicUniversity/Y4_SEM1/FYP/Images_VisDrone2019/0000142_01658_d_0000031.jpg,0,"building,road,vegetation,vehicle",2025-10-27T20:10:11.600146,high,0
/Users/henrysze/Library/CloudStorage/OneDrive-TheHongKongPolytechnicUniversity/Y4_SEM1/FYP/Images_VisDrone2019/0000142_02058_d_0000033.jpg,0,"building,road,vegetation,vehicle",2025-10-27T20:10:14.316661,high,0
/Users/henrysze/Library/CloudStorage/OneDrive-TheHongKongPolytechnicUniversity/Y4_SEM1/FYP/Images_VisDrone2019/0000142_02258_d_0000034.jpg,0,"building,road,vegetation,vehicle",2025-10-27T20:10:16.606330,high,0
/Users/henrysze/Library/CloudStorage/OneDrive-TheHongKongPolytechnicUniversity/Y4_SEM1/FYP/Images_VisDrone2019/0000142_02458_d_0000035.jpg,0,"building,road,vegetation,vehicle",2025-10-27T20:10:19.105002,high,0
/Users/henrysze/Library/CloudStorage/OneDrive-TheHongKongPolytechnicUniversity/Y4_SEM1/FYP/Images_VisDrone2019/0000142_02658_d_0000036.jpg,0,"building,road,vegetation,vehicle",2025-10-27T20:10:20.457161,high,0
/Users/henrysze/Library/CloudStorage/OneDrive-TheHongKongPolytechnicUniversity/Y4_SEM1/FYP/Images_VisDrone2019/0000142_02858_d_0000037.jpg,0,"building,road,vegetation,vehicle",2025-10-27T20:10:22.013867,high,0
/Users/henrysze/Library/CloudStorage/OneDrive-TheHongKongPolytechnicUniversity/Y4_SEM1/FYP/Images_VisDrone2019/0000142_03058_d_0000038.jpg,0,"building,road,vegetation,vehicle",2025-10-27T20:10:23.521245,high,0
/Users/henrysze/Library/CloudStorage/OneDrive-TheHongKongPolytechnicUniversity/Y4_SEM1/FYP/Images_VisDrone2019/0000142_03458_d_0000040.jpg,0,"building,road,vegetation,vehicle",2025-10-27T20:10:25.010118,high,0
/Users/henrysze/Library/CloudStorage/OneDrive-TheHongKongPolytechnicUniversity/Y4_SEM1/FYP/Images_VisDrone2019/0000142_03658_d_0000041.jpg,0,"building,road,vegetation,vehicle",2025-10-27T20:10:26.520406,high,0
/Users/henrysze/Library/CloudStorage/OneDrive-TheHongKongPolytechnicUniversity/Y4_SEM1/FYP/Images_VisDrone2019/0000142_04058_d_0000043.jpg,0,"building,road,vegetation,vehicle",2025-10-27T20:10:27.988192,high,0
/Users/henrysze/Library/CloudStorage/OneDrive-TheHongKongPolytechnicUniversity/Y4_SEM1/FYP/Images_VisDrone2019/0000142_04458_d_0000045.jpg,0,"building,road,vegetation,vehicle",2025-10-27T20:10:29.551522,high,0
/Users/henrysze/Library/CloudStorage/OneDrive-TheHongKongPolytechnicUniversity/Y4_SEM1/FYP/Images_VisDrone2019/0000142_04658_d_0000046.jpg,0,"building,road,vegetation,vehicle",2025-10-27T20:10:30.905684,high,0
/Users/henrysze/Library/CloudStorage/OneDrive-TheHongKongPolytechnicUniversity/Y4_SEM1/FYP/Images_VisDrone2019/0000142_04858_d_0000047.jpg,0,"building,road,vegetation,vehicle",2025-10-27T20:10:32.542163,high,0
/Users/henrysze/Library/CloudStorage/OneDrive-TheHongKongPolytechnicUniversity/Y4_SEM1/FYP/Images_VisDrone2019/0000143_00081_d_0000048.jpg,0,"building,road,vegetation,vehicle",2025-10-27T20:10:34.147574,high,0
/Users/henrysze/Library/CloudStorage/OneDrive-TheHongKongPolytechnicUniversity/Y4_SEM1/FYP/Images_VisDrone2019/0000143_00281_d_0000049.jpg,0,"building,road,vegetation,vehicle",2025-10-27T20:10:35.940598,high,0
/Users/henrysze/Library/CloudStorage/OneDrive-TheHongKongPolytechnicUniversity/Y4_SEM1/FYP/Images_VisDrone2019/0000143_00481_d_0000050.jpg,0,"building,person_animal,road,vegetation,vehicle",2025-10-27T20:10:38.730423,high,0
/Users/henrysze/Library/CloudStorage/OneDrive-TheHongKongPolytechnicUniversity/Y4_SEM1/FYP/Images_VisDrone2019/0000143_00681_d_0000051.jpg,0,"building,person_animal,road,vegetation,vehicle",2025-10-27T20:10:40.225768,high,0
/Users/henrysze/Library/CloudStorage/OneDrive-TheHongKongPolytechnicUniversity/Y4_SEM1/FYP/Images_VisDrone2019/0000143_00881_d_0000052.jpg,0,"building,person_animal,road,vegetation,vehicle",2025-10-27T20:10:46.707722,high,0
/Users/henrysze/Library/CloudStorage/OneDrive-TheHongKongPolytechnicUniversity/Y4_SEM1/FYP/Images_VisDrone2019/0000143_01281_d_0000054.jpg,0,"building,person_animal,road,vegetation,vehicle",2025-10-27T20:10:51.349046,high,0
/Users/henrysze/Library/CloudStorage/OneDrive-TheHongKongPolytechnicUniversity/Y4_SEM1/FYP/Images_VisDrone2019/0000143_01481_d_0000055.jpg,0,"building,person_animal,road,vegetation,vehicle",2025-10-27T20:10:53.076635,high,0
/Users/henrysze/Library/CloudStorage/OneDrive-TheHongKongPolytechnicUniversity/Y4_SEM1/FYP/Images_VisDrone2019/0000143_01681_d_0000056.jpg,0,"building,person_animal,road,vegetation,vehicle",2025-10-27T20:10:55.583966,high,0
/Users/henrysze/Library/CloudStorage/OneDrive-TheHongKongPolytechnicUniversity/Y4_SEM1/FYP/Images_VisDrone2019/0000144_00001_d_0000001.jpg,1,"person_animal,road,vegetation,vehicle",2025-10-27T20:11:06.466379,high,0
/Users/henrysze/Library/CloudStorage/OneDrive-TheHongKongPolytechnicUniversity/Y4_SEM1/FYP/Images_VisDrone2019/0000144_00401_d_0000001.jpg,0,"person_animal,road,vegetation,vehicle",2025-10-27T20:11:09.833143,high,0
/Users/henrysze/Library/CloudStorage/OneDrive-TheHongKongPolytechnicUniversity/Y4_SEM1/FYP/Images_VisDrone2019/0000144_00848_d_0000001.jpg,0,"infrastructure,road,vegetation,vehicle",2025-10-27T20:11:15.694709,high,0
/Users/henrysze/Library/CloudStorage/OneDrive-TheHongKongPolytechnicUniversity/Y4_SEM1/FYP/Images_VisDrone2019/0000144_02001_d_0000001.jpg,0,"road,vegetation,vehicle",2025-10-27T20:11:27.064742,high,0
/Users/henrysze/Library/CloudStorage/OneDrive-TheHongKongPolytechnicUniversity/Y4_SEM1/FYP/Images_VisDrone2019/0000144_02401_d_0000001.jpg,0,"road,vegetation,vehicle",2025-10-27T20:11:29.876149,high,0
/Users/henrysze/Library/CloudStorage/OneDrive-TheHongKongPolytechnicUniversity/Y4_SEM1/FYP/Images_VisDrone2019/0000144_02801_d_0000001.jpg,0,"road,vegetation,vehicle",2025-10-27T20:11:31.858267,high,0
/Users/henrysze/Library/CloudStorage/OneDrive-TheHongKongPolytechnicUniversity/Y4_SEM1/FYP/Images_VisDrone2019/0000144_03201_d_0000001.jpg,1,"road,vegetation,vehicle",2025-10-27T20:11:34.351815,high,0
/Users/henrysze/Library/CloudStorage/OneDrive-TheHongKongPolytechnicUniversity/Y4_SEM1/FYP/Images_VisDrone2019/0000145_00001_d_0000001.jpg,0,"road,vegetation,vehicle",2025-10-27T20:16:25.747550,high,0
/Users/henrysze/Library/CloudStorage/OneDrive-TheHongKongPolytechnicUniversity/Y4_SEM1/FYP/Images_VisDrone2019/0000145_00401_d_0000001.jpg,0,"road,vegetation,vehicle",2025-10-27T20:16:33.036363,high,0
/Users/henrysze/Library/CloudStorage/OneDrive-TheHongKongPolytechnicUniversity/Y4_SEM1/FYP/Images_VisDrone2019/0000146_00001_d_0000057.jpg,0,"person_animal,road,vegetation,vehicle",2025-10-27T20:16:41.123859,high,0
/Users/henrysze/Library/CloudStorage/OneDrive-TheHongKongPolytechnicUniversity/Y4_SEM1/FYP/Images_VisDrone2019/0000146_00601_d_0000060.jpg,0,"building,person_animal,road,vegetation,vehicle",2025-10-27T20:16:45.715753,high,0
/Users/henrysze/Library/CloudStorage/OneDrive-TheHongKongPolytechnicUniversity/Y4_SEM1/FYP/Images_VisDrone2019/0000146_00801_d_0000061.jpg,0,"building,person_animal,road,vegetation,vehicle",2025-10-27T20:16:49.842956,high,0
/Users/henrysze/Library/CloudStorage/OneDrive-TheHongKongPolytechnicUniversity/Y4_SEM1/FYP/Images_VisDrone2019/0000146_01601_d_0000065.jpg,0,"building,person_animal,road,vegetation,vehicle",2025-10-27T20:16:51.254395,high,0
/Users/henrysze/Library/CloudStorage/OneDrive-TheHongKongPolytechnicUniversity/Y4_SEM1/FYP/Images_VisDrone2019/0000146_01678_d_0000066.jpg,1,"building,road,vegetation,vehicle",2025-10-27T20:16:59.063397,high,0
/Users/henrysze/Library/CloudStorage/OneDrive-TheHongKongPolytechnicUniversity/Y4_SEM1/FYP/Images_VisDrone2019/0000150_00030_d_0000067.jpg,0,"building,person_animal,road,vegetation,vehicle",2025-10-27T20:17:07.380326,high,0
/Users/henrysze/Library/CloudStorage/OneDrive-TheHongKongPolytechnicUniversity/Y4_SEM1/FYP/Images_VisDrone2019/0000150_00230_d_0000068.jpg,0,"building,person_animal,road,vegetation,vehicle",2025-10-27T20:17:10.068591,high,0
/Users/henrysze/Library/CloudStorage/OneDrive-TheHongKongPolytechnicUniversity/Y4_SEM1/FYP/Images_VisDrone2019/0000150_00430_d_0000069.jpg,0,"building,person_animal,road,vegetation,vehicle",2025-10-27T20:17:12.498350,high,0
/Users/henrysze/Library/CloudStorage/OneDrive-TheHongKongPolytechnicUniversity/Y4_SEM1/FYP/Images_VisDrone2019/0000150_00630_d_0000070.jpg,0,"building,person_animal,road,vegetation,vehicle",2025-10-27T20:17:15.042752,high,0
/Users/henrysze/Library/CloudStorage/OneDrive-TheHongKongPolytechnicUniversity/Y4_SEM1/FYP/Images_VisDrone2019/0000150_00830_d_0000071.jpg,0,"building,person_animal,road,vegetation,vehicle",2025-10-27T20:17:17.716681,high,0
/Users/henrysze/Library/CloudStorage/OneDrive-TheHongKongPolytechnicUniversity/Y4_SEM1/FYP/Images_VisDrone2019/0000150_01030_d_0000072.jpg,0,"building,person_animal,road,vegetation,vehicle",2025-10-27T20:17:22.095110,high,0
/Users/henrysze/Library/CloudStorage/OneDrive-TheHongKongPolytechnicUniversity/Y4_SEM1/FYP/Images_VisDrone2019/0000150_01230_d_0000073.jpg,0,"building,person_animal,road,vegetation,vehicle",2025-10-27T20:17:25.235486,high,0
/Users/henrysze/Library/CloudStorage/OneDrive-TheHongKongPolytechnicUniversity/Y4_SEM1/FYP/Images_VisDrone2019/0000150_01630_d_0000075.jpg,0,"building,person_animal,road,vegetation,vehicle",2025-10-27T20:17:27.619302,high,0
/Users/henrysze/Library/CloudStorage/OneDrive-TheHongKongPolytechnicUniversity/Y4_SEM1/FYP/Images_VisDrone2019/0000150_01830_d_0000076.jpg,0,"building,person_animal,road,vegetation,vehicle",2025-10-27T20:17:31.593342,high,0
/Users/henrysze/Library/CloudStorage/OneDrive-TheHongKongPolytechnicUniversity/Y4_SEM1/FYP/Images_VisDrone2019/0000165_00125_d_0000084.jpg,1,"building,person_animal,road,vegetation,vehicle",2025-10-27T20:18:02.401112,high,0
/Users/henrysze/Library/CloudStorage/OneDrive-TheHongKongPolytechnicUniversity/Y4_SEM1/FYP/Images_VisDrone2019/0000165_00525_d_0000086.jpg,0,"building,person_animal,road,vegetation,vehicle",2025-10-27T20:18:08.112041,high,0
/Users/henrysze/Library/CloudStorage/OneDrive-TheHongKongPolytechnicUniversity/Y4_SEM1/FYP/Images_VisDrone2019/0000165_01325_d_0000090.jpg,0,"person_animal,road,vegetation,vehicle",2025-10-27T20:18:24.265567,high,0
/Users/henrysze/Library/CloudStorage/OneDrive-TheHongKongPolytechnicUniversity/Y4_SEM1/FYP/Images_VisDrone2019/0000165_01525_d_0000091.jpg,0,"building,person_animal,road,vegetation,vehicle",2025-10-27T20:18:29.489976,high,0
/Users/henrysze/Library/CloudStorage/OneDrive-TheHongKongPolytechnicUniversity/Y4_SEM1/FYP/Images_VisDrone2019/0000165_01725_d_0000092.jpg,0,"building,person_animal,road,vegetation,vehicle",2025-10-27T20:18:33.109882,high,0
/Users/henrysze/Library/CloudStorage/OneDrive-TheHongKongPolytechnicUniversity/Y4_SEM1/FYP/Images_VisDrone2019/0000165_03325_d_0000100.jpg,0,"building,person_animal,road,vegetation,vehicle",2025-10-27T20:19:26.464429,high,0
/Users/henrysze/Library/CloudStorage/OneDrive-TheHongKongPolytechnicUniversity/Y4_SEM1/FYP/Images_VisDrone2019/0000165_03725_d_0000102.jpg,0,"building,road,vegetation,vehicle",2025-10-27T20:29:52.191913,high,0
/Users/henrysze/Library/CloudStorage/OneDrive-TheHongKongPolytechnicUniversity/Y4_SEM1/FYP/Images_VisDrone2019/0000165_05125_d_0000109.jpg,0,"building,person_animal,road,vegetation,vehicle",2025-10-27T20:30:43.178692,high,0
/Users/henrysze/Library/CloudStorage/OneDrive-TheHongKongPolytechnicUniversity/Y4_SEM1/FYP/Images_VisDrone2019/0000165_05325_d_0000110.jpg,0,"building,person_animal,road,vegetation,vehicle",2025-10-27T20:30:45.898253,high,0
/Users/henrysze/Library/CloudStorage/OneDrive-TheHongKongPolytechnicUniversity/Y4_SEM1/FYP/Images_VisDrone2019/0000165_05525_d_0000111.jpg,0,"building,person_animal,road,vegetation,vehicle",2025-10-27T20:30:49.044753,high,0
/Users/henrysze/Library/CloudStorage/OneDrive-TheHongKongPolytechnicUniversity/Y4_SEM1/FYP/Images_VisDrone2019/0000165_05725_d_0000112.jpg,0,"building,person_animal,road,vegetation,vehicle",2025-10-27T20:30:51.667686,high,0
/Users/henrysze/Library/CloudStorage/OneDrive-TheHongKongPolytechnicUniversity/Y4_SEM1/FYP/Images_VisDrone2019/0000165_05925_d_0000113.jpg,0,"building,person_animal,road,vegetation,vehicle",2025-10-27T20:30:58.414757,high,0
/Users/henrysze/Library/CloudStorage/OneDrive-TheHongKongPolytechnicUniversity/Y4_SEM1/FYP/Images_VisDrone2019/0000166_00158_d_0000116.jpg,0,"person_animal,road,vegetation,vehicle",2025-10-27T20:31:15.524274,high,0
/Users/henrysze/Library/CloudStorage/OneDrive-TheHongKongPolytechnicUniversity/Y4_SEM1/FYP/Images_VisDrone2019/0000166_01158_d_0000121.jpg,0,"building,person_animal,road,vegetation,vehicle",2025-10-27T20:31:28.260771,high,0
