filepath,has_text,scene_type,quality_level,is_night,quality_score,blur_score,mean_brightness,shadow_detail_visible,timestamp
/Users/henrysze/Library/CloudStorage/OneDrive-TheHongKongPolytechnicUniversity/Y4_SEM1/FYP/Images/0000011_01955_d_0000004.jpg,0,"person_animal,road",high,0,1.0,2214.48,109.19,1,2025-10-26T01:01:28.139895
/Users/henrysze/Library/CloudStorage/OneDrive-TheHongKongPolytechnicUniversity/Y4_SEM1/FYP/Images/0000011_02800_d_0000005.jpg,0,road,high,0,1.0,2213.69,119.35,1,2025-10-26T01:01:28.245024
/Users/henrysze/Library/CloudStorage/OneDrive-TheHongKongPolytechnicUniversity/Y4_SEM1/FYP/Images/0000011_06595_d_0000010.jpg,0,"person_animal,road",high,0,1.0,2167.52,108.5,1,2025-10-26T01:01:28.535860
/Users/henrysze/Library/CloudStorage/OneDrive-TheHongKongPolytechnicUniversity/Y4_SEM1/FYP/Images/0000011_07307_d_0000011.jpg,0,"person_animal,road",high,0,1.0,2189.3,109.36,1,2025-10-26T01:01:28.641167
/Users/henrysze/Library/CloudStorage/OneDrive-TheHongKongPolytechnicUniversity/Y4_SEM1/FYP/Images/0000063_05000_d_0000006.jpg,0,road,high,0,1.0,1780.52,87.13,1,2025-10-26T01:01:28.686843
/Users/henrysze/Library/CloudStorage/OneDrive-TheHongKongPolytechnicUniversity/Y4_SEM1/FYP/Images/0000073_00377_d_0000001.jpg,0,"person_animal,road",high,0,1.0,1685.48,96.7,1,2025-10-26T01:01:28.906759
/Users/henrysze/Library/CloudStorage/OneDrive-TheHongKongPolytechnicUniversity/Y4_SEM1/FYP/Images/0000073_01275_d_0000002.jpg,0,"person_animal,road",high,0,1.0,1727.34,105.34,1,2025-10-26T01:01:29.112575
/Users/henrysze/Library/CloudStorage/OneDrive-TheHongKongPolytechnicUniversity/Y4_SEM1/FYP/Images/0000073_03155_d_0000004.jpg,0,"person_animal,road",high,0,1.0,1717.14,100.16,1,2025-10-26T01:01:29.316223
/Users/henrysze/Library/CloudStorage/OneDrive-TheHongKongPolytechnicUniversity/Y4_SEM1/FYP/Images/0000073_04009_d_0000005.jpg,0,"person_animal,road",high,0,1.0,1809.87,103.77,1,2025-10-26T01:01:29.520390
/Users/henrysze/Library/CloudStorage/OneDrive-TheHongKongPolytechnicUniversity/Y4_SEM1/FYP/Images/0000073_05010_d_0000006.jpg,0,road,high,0,1.0,1814.67,93.75,1,2025-10-26T01:01:29.736330
/Users/henrysze/Library/CloudStorage/OneDrive-TheHongKongPolytechnicUniversity/Y4_SEM1/FYP/Images/0000073_05999_d_0000007.jpg,0,"person_animal,road",high,0,1.0,1800.63,105.97,1,2025-10-26T01:01:29.949265
/Users/henrysze/Library/CloudStorage/OneDrive-TheHongKongPolytechnicUniversity/Y4_SEM1/FYP/Images/0000074_02723_d_0000005.jpg,0,"person_animal,road",high,0,1.0,1667.17,94.73,1,2025-10-26T01:01:30.159524
/Users/henrysze/Library/CloudStorage/OneDrive-TheHongKongPolytechnicUniversity/Y4_SEM1/FYP/Images/0000074_03738_d_0000007.jpg,0,"person_animal,road",high,0,1.0,1652.6,94.48,1,2025-10-26T01:01:30.364767
/Users/henrysze/Library/CloudStorage/OneDrive-TheHongKongPolytechnicUniversity/Y4_SEM1/FYP/Images/0000074_05715_d_0000011.jpg,0,"person_animal,road",high,0,1.0,2012.07,85.02,1,2025-10-26T01:01:30.585426
/Users/henrysze/Library/CloudStorage/OneDrive-TheHongKongPolytechnicUniversity/Y4_SEM1/FYP/Images/0000074_06746_d_0000013.jpg,0,"person_animal,road",high,0,1.0,1811.36,93.22,1,2025-10-26T01:01:30.798620
/Users/henrysze/Library/CloudStorage/OneDrive-TheHongKongPolytechnicUniversity/Y4_SEM1/FYP/Images/0000074_07297_d_0000014.jpg,0,road,high,0,1.0,1810.68,82.9,1,2025-10-26T01:01:31.012159
/Users/henrysze/Library/CloudStorage/OneDrive-TheHongKongPolytechnicUniversity/Y4_SEM1/FYP/Images/0000074_07850_d_0000015.jpg,0,road,high,0,1.0,1969.72,70.98,1,2025-10-26T01:01:31.225656
/Users/henrysze/Library/CloudStorage/OneDrive-TheHongKongPolytechnicUniversity/Y4_SEM1/FYP/Images/0000074_08202_d_0000016.jpg,0,"person_animal,road",high,0,1.0,1950.07,94.5,1,2025-10-26T01:01:31.448401
/Users/henrysze/Library/CloudStorage/OneDrive-TheHongKongPolytechnicUniversity/Y4_SEM1/FYP/Images/0000074_09738_d_0000019.jpg,0,"person_animal,road",high,0,1.0,1876.15,90.15,1,2025-10-26T01:01:31.664089
/Users/henrysze/Library/CloudStorage/OneDrive-TheHongKongPolytechnicUniversity/Y4_SEM1/FYP/Images/0000074_10218_d_0000020.jpg,0,"person_animal,road",high,0,1.0,1547.78,102.99,1,2025-10-26T01:01:31.862215
/Users/henrysze/Library/CloudStorage/OneDrive-TheHongKongPolytechnicUniversity/Y4_SEM1/FYP/Images/0000074_10730_d_0000021.jpg,0,"person_animal,road",high,0,1.0,1740.02,93.24,1,2025-10-26T01:01:32.059688
/Users/henrysze/Library/CloudStorage/OneDrive-TheHongKongPolytechnicUniversity/Y4_SEM1/FYP/Images/0000074_11362_d_0000022.jpg,0,road,high,0,1.0,1863.39,113.45,1,2025-10-26T01:01:32.271878
/Users/henrysze/Library/CloudStorage/OneDrive-TheHongKongPolytechnicUniversity/Y4_SEM1/FYP/Images/0000074_11827_d_0000023.jpg,0,"person_animal,road",high,0,1.0,1882.52,100.19,1,2025-10-26T01:01:32.483599
/Users/henrysze/Library/CloudStorage/OneDrive-TheHongKongPolytechnicUniversity/Y4_SEM1/FYP/Images/0000074_12322_d_0000024.jpg,0,"person_animal,road",high,0,1.0,1707.89,98.59,1,2025-10-26T01:01:32.689313
/Users/henrysze/Library/CloudStorage/OneDrive-TheHongKongPolytechnicUniversity/Y4_SEM1/FYP/Images/0000074_13313_d_0000026.jpg,0,"person_animal,road",high,0,1.0,1711.53,86.34,1,2025-10-26T01:01:32.895968
/Users/henrysze/Library/CloudStorage/OneDrive-TheHongKongPolytechnicUniversity/Y4_SEM1/FYP/Images/0000074_15793_d_0000031.jpg,0,"person_animal,road",high,0,1.0,1809.34,108.01,1,2025-10-26T01:01:33.103696
/Users/henrysze/Library/CloudStorage/OneDrive-TheHongKongPolytechnicUniversity/Y4_SEM1/FYP/Images/0000074_16210_d_0000032.jpg,0,"person_animal,road",high,0,1.0,1880.94,91.24,1,2025-10-26T01:01:33.308278
/Users/henrysze/Library/CloudStorage/OneDrive-TheHongKongPolytechnicUniversity/Y4_SEM1/FYP/Images/0000078_02363_d_0000007.jpg,0,road,high,0,1.0,1704.63,141.42,1,2025-10-26T01:01:33.473132
/Users/henrysze/Library/CloudStorage/OneDrive-TheHongKongPolytechnicUniversity/Y4_SEM1/FYP/Images/0000078_02778_d_0000008.jpg,0,road,high,0,1.0,1988.28,143.4,1,2025-10-26T01:01:33.578676
/Users/henrysze/Library/CloudStorage/OneDrive-TheHongKongPolytechnicUniversity/Y4_SEM1/FYP/Images/0000078_05939_d_0000016.jpg,0,"person_animal,road",high,0,0.95,1687.99,133.41,1,2025-10-26T01:01:34.058477
/Users/henrysze/Library/CloudStorage/OneDrive-TheHongKongPolytechnicUniversity/Y4_SEM1/FYP/Images/0000087_00299_d_0000002.jpg,0,road,high,0,1.0,2188.13,95.66,1,2025-10-26T01:01:34.219705
/Users/henrysze/Library/CloudStorage/OneDrive-TheHongKongPolytechnicUniversity/Y4_SEM1/FYP/Images/0000087_01580_d_0000005.jpg,0,road,high,0,1.0,2342.43,105.36,1,2025-10-26T01:01:34.349266
/Users/henrysze/Library/CloudStorage/OneDrive-TheHongKongPolytechnicUniversity/Y4_SEM1/FYP/Images/0000105_01748_d_0000070.jpg,0,road,high,0,1.0,1688.83,80.09,1,2025-10-26T01:01:34.452586
/Users/henrysze/Library/CloudStorage/OneDrive-TheHongKongPolytechnicUniversity/Y4_SEM1/FYP/Images/0000105_02201_d_0000071.jpg,0,road,high,0,1.0,1565.44,73.23,1,2025-10-26T01:01:34.549694
/Users/henrysze/Library/CloudStorage/OneDrive-TheHongKongPolytechnicUniversity/Y4_SEM1/FYP/Images/0000105_02539_d_0000072.jpg,0,road,high,0,1.0,1601.69,83.34,1,2025-10-26T01:01:34.647617
/Users/henrysze/Library/CloudStorage/OneDrive-TheHongKongPolytechnicUniversity/Y4_SEM1/FYP/Images/0000105_02747_d_0000073.jpg,0,road,high,0,1.0,1444.48,70.16,1,2025-10-26T01:01:34.739043
/Users/henrysze/Library/CloudStorage/OneDrive-TheHongKongPolytechnicUniversity/Y4_SEM1/FYP/Images/0000120_00559_d_0000092.jpg,0,"person_animal,road",high,0,1.0,1474.81,72.66,1,2025-10-26T01:01:34.842288
/Users/henrysze/Library/CloudStorage/OneDrive-TheHongKongPolytechnicUniversity/Y4_SEM1/FYP/Images/0000120_01392_d_0000094.jpg,0,"person_animal,road",high,0,1.0,1760.27,69.94,1,2025-10-26T01:01:34.943125
/Users/henrysze/Library/CloudStorage/OneDrive-TheHongKongPolytechnicUniversity/Y4_SEM1/FYP/Images/0000120_01535_d_0000095.jpg,0,road,high,0,1.0,1292.34,61.86,1,2025-10-26T01:01:35.030168
/Users/henrysze/Library/CloudStorage/OneDrive-TheHongKongPolytechnicUniversity/Y4_SEM1/FYP/Images/0000120_02001_d_0000096.jpg,0,"person_animal,road",high,1,1.0,1489.65,56.87,1,2025-10-26T01:01:35.127638
/Users/henrysze/Library/CloudStorage/OneDrive-TheHongKongPolytechnicUniversity/Y4_SEM1/FYP/Images/0000120_04920_d_0000102.jpg,0,road,high,1,1.0,1433.57,52.33,1,2025-10-26T01:01:35.220713
/Users/henrysze/Library/CloudStorage/OneDrive-TheHongKongPolytechnicUniversity/Y4_SEM1/FYP/Images/0000127_01002_d_0000123.jpg,0,"person_animal,road",high,0,1.0,2115.01,99.07,1,2025-10-26T01:01:35.698198
/Users/henrysze/Library/CloudStorage/OneDrive-TheHongKongPolytechnicUniversity/Y4_SEM1/FYP/Images/0000152_03226_d_0000153.jpg,0,"person_animal,road",high,0,1.0,2456.23,109.41,1,2025-10-26T01:01:36.336395
/Users/henrysze/Library/CloudStorage/OneDrive-TheHongKongPolytechnicUniversity/Y4_SEM1/FYP/Images/0000259_00000_d_0000001.jpg,0,road,high,0,1.0,1988.37,128.88,1,2025-10-26T01:01:36.549958
/Users/henrysze/Library/CloudStorage/OneDrive-TheHongKongPolytechnicUniversity/Y4_SEM1/FYP/Images/0000272_02000_d_0000005.jpg,0,road,high,0,1.0,2406.58,106.18,1,2025-10-26T01:01:37.265465
/Users/henrysze/Library/CloudStorage/OneDrive-TheHongKongPolytechnicUniversity/Y4_SEM1/FYP/Images/0000272_02500_d_0000006.jpg,0,"person_animal,road",high,0,1.0,2452.18,99.56,1,2025-10-26T01:01:37.383364
/Users/henrysze/Library/CloudStorage/OneDrive-TheHongKongPolytechnicUniversity/Y4_SEM1/FYP/Images/0000272_03500_d_0000008.jpg,0,"person_animal,road,vegetation",high,0,1.0,2333.86,99.65,1,2025-10-26T01:01:37.501994
/Users/henrysze/Library/CloudStorage/OneDrive-TheHongKongPolytechnicUniversity/Y4_SEM1/FYP/Images/0000272_04000_d_0000009.jpg,0,"person_animal,road,vegetation",high,0,1.0,2141.65,93.75,1,2025-10-26T01:01:37.619302
/Users/henrysze/Library/CloudStorage/OneDrive-TheHongKongPolytechnicUniversity/Y4_SEM1/FYP/Images/0000278_02251_d_0000001.jpg,0,"person_animal,road",high,0,1.0,2058.14,128.15,1,2025-10-26T01:01:37.794036
/Users/henrysze/Library/CloudStorage/OneDrive-TheHongKongPolytechnicUniversity/Y4_SEM1/FYP/Images/0000278_02351_d_0000002.jpg,0,"person_animal,road",high,0,1.0,2048.98,128.52,1,2025-10-26T01:01:37.898293
/Users/henrysze/Library/CloudStorage/OneDrive-TheHongKongPolytechnicUniversity/Y4_SEM1/FYP/Images/0000278_02451_d_0000003.jpg,0,road,high,0,1.0,2024.81,128.15,1,2025-10-26T01:01:38.003762
/Users/henrysze/Library/CloudStorage/OneDrive-TheHongKongPolytechnicUniversity/Y4_SEM1/FYP/Images/0000310_02500_d_0000123.jpg,0,"person_animal,road",high,0,1.0,2421.17,112.95,1,2025-10-26T01:01:39.328616
/Users/henrysze/Library/CloudStorage/OneDrive-TheHongKongPolytechnicUniversity/Y4_SEM1/FYP/Images/0000310_03000_d_0000124.jpg,0,road,high,0,1.0,2041.41,111.37,1,2025-10-26T01:01:39.436106
/Users/henrysze/Library/CloudStorage/OneDrive-TheHongKongPolytechnicUniversity/Y4_SEM1/FYP/Images/0000310_04000_d_0000126.jpg,0,"person_animal,road",high,0,1.0,2397.56,114.58,1,2025-10-26T01:01:39.617722
/Users/henrysze/Library/CloudStorage/OneDrive-TheHongKongPolytechnicUniversity/Y4_SEM1/FYP/Images/0000314_00500_d_0000143.jpg,0,"person_animal,road",high,0,1.0,1958.43,123.24,1,2025-10-26T01:01:39.852672
/Users/henrysze/Library/CloudStorage/OneDrive-TheHongKongPolytechnicUniversity/Y4_SEM1/FYP/Images/0000314_01000_d_0000144.jpg,0,road,high,0,1.0,1989.73,123.87,1,2025-10-26T01:01:39.950350
/Users/henrysze/Library/CloudStorage/OneDrive-TheHongKongPolytechnicUniversity/Y4_SEM1/FYP/Images/0000314_01500_d_0000145.jpg,0,road,high,0,1.0,1983.64,121.55,1,2025-10-26T01:01:40.054908
/Users/henrysze/Library/CloudStorage/OneDrive-TheHongKongPolytechnicUniversity/Y4_SEM1/FYP/Images/0000320_00300_d_0000004.jpg,0,road,high,0,1.0,2017.4,117.37,1,2025-10-26T01:01:40.297310
/Users/henrysze/Library/CloudStorage/OneDrive-TheHongKongPolytechnicUniversity/Y4_SEM1/FYP/Images/0000320_00450_d_0000005.jpg,0,road,high,0,1.0,1956.75,125.27,1,2025-10-26T01:01:40.388711
/Users/henrysze/Library/CloudStorage/OneDrive-TheHongKongPolytechnicUniversity/Y4_SEM1/FYP/Images/0000320_00600_d_0000006.jpg,0,road,high,0,1.0,2142.8,120.95,1,2025-10-26T01:01:40.486410
/Users/henrysze/Library/CloudStorage/OneDrive-TheHongKongPolytechnicUniversity/Y4_SEM1/FYP/Images/0000320_00750_d_0000007.jpg,0,road,high,0,1.0,2054.51,120.71,1,2025-10-26T01:01:40.579389
/Users/henrysze/Library/CloudStorage/OneDrive-TheHongKongPolytechnicUniversity/Y4_SEM1/FYP/Images/0000320_00900_d_0000008.jpg,0,road,high,0,0.95,1855.92,127.62,1,2025-10-26T01:01:40.669785
/Users/henrysze/Library/CloudStorage/OneDrive-TheHongKongPolytechnicUniversity/Y4_SEM1/FYP/Images/0000320_04375_d_0000014.jpg,0,road,high,0,1.0,2036.44,116.25,1,2025-10-26T01:01:41.109714
/Users/henrysze/Library/CloudStorage/OneDrive-TheHongKongPolytechnicUniversity/Y4_SEM1/FYP/Images/0000328_01050_d_0000025.jpg,0,road,high,0,1.0,1948.78,85.22,1,2025-10-26T01:01:41.550273
/Users/henrysze/Library/CloudStorage/OneDrive-TheHongKongPolytechnicUniversity/Y4_SEM1/FYP/Images/0000337_00500_d_0000037.jpg,0,"person_animal,road",high,0,1.0,2018.28,112.9,1,2025-10-26T01:01:41.659793
/Users/henrysze/Library/CloudStorage/OneDrive-TheHongKongPolytechnicUniversity/Y4_SEM1/FYP/Images/0000337_01000_d_0000038.jpg,0,"person_animal,road",high,0,1.0,2232.6,115.01,1,2025-10-26T01:01:41.769532
/Users/henrysze/Library/CloudStorage/OneDrive-TheHongKongPolytechnicUniversity/Y4_SEM1/FYP/Images/0000337_01500_d_0000039.jpg,0,"person_animal,road",high,0,1.0,2106.42,108.72,1,2025-10-26T01:01:41.873395
/Users/henrysze/Library/CloudStorage/OneDrive-TheHongKongPolytechnicUniversity/Y4_SEM1/FYP/Images/0000337_03000_d_0000042.jpg,0,"person_animal,road",high,0,1.0,1945.15,116.2,1,2025-10-26T01:01:41.983143
/Users/henrysze/Library/CloudStorage/OneDrive-TheHongKongPolytechnicUniversity/Y4_SEM1/FYP/Images/0000347_00000_d_0000046.jpg,0,"person_animal,road",high,0,1.0,2053.73,127.79,1,2025-10-26T01:01:42.102827
/Users/henrysze/Library/CloudStorage/OneDrive-TheHongKongPolytechnicUniversity/Y4_SEM1/FYP/Images/0000347_00100_d_0000047.jpg,0,road,high,0,1.0,1862.61,125.99,1,2025-10-26T01:01:42.217480
/Users/henrysze/Library/CloudStorage/OneDrive-TheHongKongPolytechnicUniversity/Y4_SEM1/FYP/Images/0000347_00511_d_0000048.jpg,0,"person_animal,road",high,0,1.0,2044.47,129.02,1,2025-10-26T01:01:42.336448
/Users/henrysze/Library/CloudStorage/OneDrive-TheHongKongPolytechnicUniversity/Y4_SEM1/FYP/Images/0000347_00800_d_0000049.jpg,0,"person_animal,road",high,0,1.0,1871.27,125.4,1,2025-10-26T01:01:42.450016
/Users/henrysze/Library/CloudStorage/OneDrive-TheHongKongPolytechnicUniversity/Y4_SEM1/FYP/Images/0000347_01250_d_0000050.jpg,0,"person_animal,road",high,0,1.0,1822.56,127.47,1,2025-10-26T01:01:42.562326
/Users/henrysze/Library/CloudStorage/OneDrive-TheHongKongPolytechnicUniversity/Y4_SEM1/FYP/Images/0000347_01728_d_0000051.jpg,0,road,high,0,1.0,1757.36,126.12,1,2025-10-26T01:01:42.668649
/Users/henrysze/Library/CloudStorage/OneDrive-TheHongKongPolytechnicUniversity/Y4_SEM1/FYP/Images/0000353_01500_d_0000191.jpg,0,"person_animal,road,vegetation",high,0,1.0,2319.66,124.25,1,2025-10-26T01:01:42.985388
/Users/henrysze/Library/CloudStorage/OneDrive-TheHongKongPolytechnicUniversity/Y4_SEM1/FYP/Images/0000353_02000_d_0000192.jpg,0,"person_animal,road",high,0,1.0,2097.27,112.05,1,2025-10-26T01:01:43.094636
/Users/henrysze/Library/CloudStorage/OneDrive-TheHongKongPolytechnicUniversity/Y4_SEM1/FYP/Images/0000353_02500_d_0000193.jpg,0,road,high,0,1.0,2022.98,135.48,1,2025-10-26T01:01:43.203452
/Users/henrysze/Library/CloudStorage/OneDrive-TheHongKongPolytechnicUniversity/Y4_SEM1/FYP/Images/0000353_04500_d_0000197.jpg,0,"person_animal,road",high,0,1.0,2585.46,137.9,1,2025-10-26T01:01:43.395303
/Users/henrysze/Library/CloudStorage/OneDrive-TheHongKongPolytechnicUniversity/Y4_SEM1/FYP/Images/0000369_00500_d_0000242.jpg,0,road,high,0,1.0,1609.71,133.25,1,2025-10-26T01:01:43.894874
/Users/henrysze/Library/CloudStorage/OneDrive-TheHongKongPolytechnicUniversity/Y4_SEM1/FYP/Images/0000369_02000_d_0000245.jpg,0,road,high,0,1.0,1696.31,135.25,1,2025-10-26T01:01:43.984435
/Users/henrysze/Library/CloudStorage/OneDrive-TheHongKongPolytechnicUniversity/Y4_SEM1/FYP/Images/0000370_00000_d_0000250.jpg,0,"person_animal,road",high,0,1.0,2055.04,135.56,1,2025-10-26T01:01:44.114822
/Users/henrysze/Library/CloudStorage/OneDrive-TheHongKongPolytechnicUniversity/Y4_SEM1/FYP/Images/0000370_02000_d_0000254.jpg,0,road,high,0,1.0,1814.64,152.67,1,2025-10-26T01:01:44.213246
/Users/henrysze/Library/CloudStorage/OneDrive-TheHongKongPolytechnicUniversity/Y4_SEM1/FYP/Images/0000370_03000_d_0000256.jpg,0,road,high,0,1.0,2031.85,147.74,1,2025-10-26T01:01:44.370623
/Users/henrysze/Library/CloudStorage/OneDrive-TheHongKongPolytechnicUniversity/Y4_SEM1/FYP/Images/9999938_00000_d_0000412_blurry.jpg,0,road,high,0,1.0,1804.73,60.14,1,2025-10-26T01:02:19.205732
/Users/henrysze/Library/CloudStorage/OneDrive-TheHongKongPolytechnicUniversity/Y4_SEM1/FYP/Images/9999938_00000_d_0000432_blurry.jpg,0,road,high,0,1.0,1732.88,60.12,1,2025-10-26T01:02:21.472786
/Users/henrysze/Library/CloudStorage/OneDrive-TheHongKongPolytechnicUniversity/Y4_SEM1/FYP/Images/9999938_00000_d_0000435_blurry.jpg,0,road,high,0,1.0,2444.21,52.55,1,2025-10-26T01:02:21.834798
/Users/henrysze/Library/CloudStorage/OneDrive-TheHongKongPolytechnicUniversity/Y4_SEM1/FYP/Images/9999938_00000_d_0000436_blurry.jpg,0,"person_animal,road",high,0,1.0,2047.87,50.62,1,2025-10-26T01:02:21.968232
/Users/henrysze/Library/CloudStorage/OneDrive-TheHongKongPolytechnicUniversity/Y4_SEM1/FYP/Images/9999938_00000_d_0000437_blurry.jpg,0,"person_animal,road",high,1,1.0,2047.85,43.04,1,2025-10-26T01:02:22.144503
/Users/henrysze/Library/CloudStorage/OneDrive-TheHongKongPolytechnicUniversity/Y4_SEM1/FYP/Images/9999938_00000_d_0000439_blurry.jpg,0,road,high,1,1.0,2393.62,45.95,1,2025-10-26T01:02:22.408327
/Users/henrysze/Library/CloudStorage/OneDrive-TheHongKongPolytechnicUniversity/Y4_SEM1/FYP/Images/9999938_00000_d_0000441_blurry.jpg,0,road,high,0,1.0,2359.29,53.04,1,2025-10-26T01:02:22.694264
/Users/henrysze/Library/CloudStorage/OneDrive-TheHongKongPolytechnicUniversity/Y4_SEM1/FYP/Images/9999938_00000_d_0000442_blurry.jpg,0,road,high,1,1.0,2246.33,40.46,1,2025-10-26T01:02:22.851632
/Users/henrysze/Library/CloudStorage/OneDrive-TheHongKongPolytechnicUniversity/Y4_SEM1/FYP/Images/9999938_00000_d_0000443_blurry.jpg,0,road,high,0,1.0,1988.59,52.62,1,2025-10-26T01:02:22.999422
/Users/henrysze/Library/CloudStorage/OneDrive-TheHongKongPolytechnicUniversity/Y4_SEM1/FYP/Images/9999938_00000_d_0000444_blurry.jpg,0,road,high,1,1.0,2331.99,52.75,1,2025-10-26T01:02:23.130234
/Users/henrysze/Library/CloudStorage/OneDrive-TheHongKongPolytechnicUniversity/Y4_SEM1/FYP/Images/9999938_00000_d_0000445_blurry.jpg,0,road,high,0,1.0,1998.62,57.82,1,2025-10-26T01:02:23.261788
/Users/henrysze/Library/CloudStorage/OneDrive-TheHongKongPolytechnicUniversity/Y4_SEM1/FYP/Images/9999938_00000_d_0000446_blurry.jpg,0,road,high,0,1.0,2481.79,59.53,1,2025-10-26T01:02:23.431238
/Users/henrysze/Library/CloudStorage/OneDrive-TheHongKongPolytechnicUniversity/Y4_SEM1/FYP/Images/9999938_00000_d_0000447_blurry.jpg,0,"person_animal,road",high,0,1.0,1972.49,56.56,1,2025-10-26T01:02:23.592073
/Users/henrysze/Library/CloudStorage/OneDrive-TheHongKongPolytechnicUniversity/Y4_SEM1/FYP/Images/9999938_00000_d_0000448_blurry.jpg,0,road,high,0,1.0,1867.15,56.56,1,2025-10-26T01:02:23.725181
/Users/henrysze/Library/CloudStorage/OneDrive-TheHongKongPolytechnicUniversity/Y4_SEM1/FYP/Images/9999938_00000_d_0000449_blurry.jpg,0,"person_animal,road",high,0,1.0,2052.19,52.24,1,2025-10-26T01:02:23.884422
/Users/henrysze/Library/CloudStorage/OneDrive-TheHongKongPolytechnicUniversity/Y4_SEM1/FYP/Images/9999938_00000_d_0000451_blurry.jpg,0,road,high,1,1.0,1587.68,46.04,1,2025-10-26T01:02:24.183190
/Users/henrysze/Library/CloudStorage/OneDrive-TheHongKongPolytechnicUniversity/Y4_SEM1/FYP/Images/9999938_00000_d_0000452_blurry.jpg,0,"person_animal,road",high,1,1.0,1650.04,42.97,1,2025-10-26T01:02:24.330315
/Users/henrysze/Library/CloudStorage/OneDrive-TheHongKongPolytechnicUniversity/Y4_SEM1/FYP/Images/9999938_00000_d_0000453_blurry.jpg,0,road,high,1,1.0,1809.7,50.45,1,2025-10-26T01:02:24.487148
/Users/henrysze/Library/CloudStorage/OneDrive-TheHongKongPolytechnicUniversity/Y4_SEM1/FYP/Images/9999938_00000_d_0000454_blurry.jpg,0,"person_animal,road",high,0,1.0,1997.91,56.22,1,2025-10-26T01:02:24.637656
/Users/henrysze/Library/CloudStorage/OneDrive-TheHongKongPolytechnicUniversity/Y4_SEM1/FYP/Images/9999938_00000_d_0000455_blurry.jpg,0,"person_animal,road",high,0,1.0,1939.06,63.12,1,2025-10-26T01:02:24.771784
/Users/henrysze/Library/CloudStorage/OneDrive-TheHongKongPolytechnicUniversity/Y4_SEM1/FYP/Images/9999938_00000_d_0000456_blurry.jpg,0,road,high,0,1.0,2189.94,62.64,1,2025-10-26T01:02:24.917412
/Users/henrysze/Library/CloudStorage/OneDrive-TheHongKongPolytechnicUniversity/Y4_SEM1/FYP/Images/9999938_00000_d_0000457_blurry.jpg,0,"person_animal,road",high,0,1.0,2253.43,58.5,1,2025-10-26T01:02:25.060822
/Users/henrysze/Library/CloudStorage/OneDrive-TheHongKongPolytechnicUniversity/Y4_SEM1/FYP/Images/9999938_00000_d_0000458_blurry.jpg,0,"person_animal,road",high,1,1.0,1695.9,52.59,1,2025-10-26T01:02:25.224111
/Users/henrysze/Library/CloudStorage/OneDrive-TheHongKongPolytechnicUniversity/Y4_SEM1/FYP/Images/9999938_00000_d_0000459_blurry.jpg,0,"person_animal,road",high,0,1.0,1976.0,69.85,1,2025-10-26T01:02:25.412506
/Users/henrysze/Library/CloudStorage/OneDrive-TheHongKongPolytechnicUniversity/Y4_SEM1/FYP/Images/9999938_00000_d_0000460_blurry.jpg,0,"person_animal,road",high,1,1.0,1785.96,54.98,1,2025-10-26T01:02:25.575261
/Users/henrysze/Library/CloudStorage/OneDrive-TheHongKongPolytechnicUniversity/Y4_SEM1/FYP/Images/9999938_00000_d_0000461_blurry.jpg,0,"person_animal,road",high,1,1.0,1752.98,63.9,1,2025-10-26T01:02:25.710750
/Users/henrysze/Library/CloudStorage/OneDrive-TheHongKongPolytechnicUniversity/Y4_SEM1/FYP/Images/9999938_00000_d_0000462_blurry.jpg,0,road,high,1,1.0,1684.35,52.38,1,2025-10-26T01:02:25.865848
/Users/henrysze/Library/CloudStorage/OneDrive-TheHongKongPolytechnicUniversity/Y4_SEM1/FYP/Images/9999938_00000_d_0000463_blurry.jpg,0,road,high,0,1.0,2058.84,57.42,1,2025-10-26T01:02:26.009157
/Users/henrysze/Library/CloudStorage/OneDrive-TheHongKongPolytechnicUniversity/Y4_SEM1/FYP/Images/9999938_00000_d_0000464_blurry.jpg,0,"person_animal,road",high,1,1.0,2233.33,51.12,1,2025-10-26T01:02:26.172249
/Users/henrysze/Library/CloudStorage/OneDrive-TheHongKongPolytechnicUniversity/Y4_SEM1/FYP/Images/9999938_00000_d_0000467_blurry.jpg,0,road,high,1,1.0,2114.27,41.34,1,2025-10-26T01:02:26.511658
/Users/henrysze/Library/CloudStorage/OneDrive-TheHongKongPolytechnicUniversity/Y4_SEM1/FYP/Images/9999938_00000_d_0000469_blurry.jpg,0,road,high,1,1.0,2178.19,47.54,1,2025-10-26T01:02:26.787755
/Users/henrysze/Library/CloudStorage/OneDrive-TheHongKongPolytechnicUniversity/Y4_SEM1/FYP/Images/9999938_00000_d_0000470_blurry.jpg,0,"person_animal,road",high,1,1.0,1873.27,51.22,1,2025-10-26T01:02:26.913634
/Users/henrysze/Library/CloudStorage/OneDrive-TheHongKongPolytechnicUniversity/Y4_SEM1/FYP/Images/9999938_00000_d_0000471_blurry.jpg,0,"person_animal,road",high,1,1.0,1913.85,56.49,1,2025-10-26T01:02:27.054186
/Users/henrysze/Library/CloudStorage/OneDrive-TheHongKongPolytechnicUniversity/Y4_SEM1/FYP/Images/9999938_00000_d_0000472_blurry.jpg,0,road,high,0,1.0,1959.52,58.69,1,2025-10-26T01:02:27.212193
/Users/henrysze/Library/CloudStorage/OneDrive-TheHongKongPolytechnicUniversity/Y4_SEM1/FYP/Images/9999938_00000_d_0000473_blurry.jpg,0,"person_animal,road",high,1,1.0,1895.08,51.62,1,2025-10-26T01:02:27.356716
/Users/henrysze/Library/CloudStorage/OneDrive-TheHongKongPolytechnicUniversity/Y4_SEM1/FYP/Images/9999938_00000_d_0000474_blurry.jpg,0,"person_animal,road",high,1,1.0,1656.57,52.51,1,2025-10-26T01:02:27.503892
/Users/henrysze/Library/CloudStorage/OneDrive-TheHongKongPolytechnicUniversity/Y4_SEM1/FYP/Images/9999938_00000_d_0000475_blurry.jpg,0,"person_animal,road",high,1,1.0,1662.24,42.33,1,2025-10-26T01:02:27.639087
/Users/henrysze/Library/CloudStorage/OneDrive-TheHongKongPolytechnicUniversity/Y4_SEM1/FYP/Images/9999938_00000_d_0000476_blurry.jpg,0,road,high,1,1.0,1656.71,42.91,1,2025-10-26T01:02:27.766502
/Users/henrysze/Library/CloudStorage/OneDrive-TheHongKongPolytechnicUniversity/Y4_SEM1/FYP/Images/9999938_00000_d_0000477_blurry.jpg,0,road,high,1,1.0,1614.03,39.72,1,2025-10-26T01:02:27.888409
/Users/henrysze/Library/CloudStorage/OneDrive-TheHongKongPolytechnicUniversity/Y4_SEM1/FYP/Images/9999938_00000_d_0000478_blurry.jpg,0,"person_animal,road",high,1,1.0,1519.88,42.76,1,2025-10-26T01:02:28.021893
/Users/henrysze/Library/CloudStorage/OneDrive-TheHongKongPolytechnicUniversity/Y4_SEM1/FYP/Images/9999938_00000_d_0000479_blurry.jpg,0,road,high,1,1.0,1534.73,43.18,1,2025-10-26T01:02:28.192641
/Users/henrysze/Library/CloudStorage/OneDrive-TheHongKongPolytechnicUniversity/Y4_SEM1/FYP/Images/9999938_00000_d_0000480_blurry.jpg,0,"person_animal,road",high,1,1.0,1952.09,52.93,1,2025-10-26T01:02:28.324935
/Users/henrysze/Library/CloudStorage/OneDrive-TheHongKongPolytechnicUniversity/Y4_SEM1/FYP/Images/9999938_00000_d_0000481_blurry.jpg,0,"person_animal,road",high,0,1.0,2086.58,49.58,1,2025-10-26T01:02:28.507563
/Users/henrysze/Library/CloudStorage/OneDrive-TheHongKongPolytechnicUniversity/Y4_SEM1/FYP/Images/9999938_00000_d_0000482_blurry.jpg,0,road,high,1,1.0,2169.35,52.94,1,2025-10-26T01:02:28.655610
/Users/henrysze/Library/CloudStorage/OneDrive-TheHongKongPolytechnicUniversity/Y4_SEM1/FYP/Images/9999938_00000_d_0000483_blurry.jpg,0,road,high,0,1.0,1890.95,53.13,1,2025-10-26T01:02:28.812512
/Users/henrysze/Library/CloudStorage/OneDrive-TheHongKongPolytechnicUniversity/Y4_SEM1/FYP/Images/9999938_00000_d_0000484_blurry.jpg,0,"person_animal,road",high,1,1.0,1864.12,49.71,1,2025-10-26T01:02:28.942167
/Users/henrysze/Library/CloudStorage/OneDrive-TheHongKongPolytechnicUniversity/Y4_SEM1/FYP/Images/9999938_00000_d_0000485_blurry.jpg,0,road,high,1,1.0,1588.85,47.32,1,2025-10-26T01:02:29.086963
/Users/henrysze/Library/CloudStorage/OneDrive-TheHongKongPolytechnicUniversity/Y4_SEM1/FYP/Images/9999938_00000_d_0000486_blurry.jpg,0,road,high,1,1.0,2340.06,45.02,1,2025-10-26T01:02:29.227184
/Users/henrysze/Library/CloudStorage/OneDrive-TheHongKongPolytechnicUniversity/Y4_SEM1/FYP/Images/9999938_00000_d_0000487_blurry.jpg,0,road,high,1,1.0,2078.65,47.88,1,2025-10-26T01:02:29.370458
/Users/henrysze/Library/CloudStorage/OneDrive-TheHongKongPolytechnicUniversity/Y4_SEM1/FYP/Images/9999938_00000_d_0000488_blurry.jpg,0,"person_animal,road",high,1,1.0,2127.64,42.52,1,2025-10-26T01:02:29.503589
/Users/henrysze/Library/CloudStorage/OneDrive-TheHongKongPolytechnicUniversity/Y4_SEM1/FYP/Images/9999938_00000_d_0000489_blurry.jpg,0,"person_animal,road",high,1,1.0,1905.04,47.94,1,2025-10-26T01:02:29.638517
/Users/henrysze/Library/CloudStorage/OneDrive-TheHongKongPolytechnicUniversity/Y4_SEM1/FYP/Images/9999938_00000_d_0000490_blurry.jpg,0,"person_animal,road",high,1,1.0,2046.32,46.18,1,2025-10-26T01:02:29.792591
/Users/henrysze/Library/CloudStorage/OneDrive-TheHongKongPolytechnicUniversity/Y4_SEM1/FYP/Images/9999938_00000_d_0000491_blurry.jpg,0,road,high,1,1.0,2113.11,46.09,1,2025-10-26T01:02:29.924340
/Users/henrysze/Library/CloudStorage/OneDrive-TheHongKongPolytechnicUniversity/Y4_SEM1/FYP/Images/9999938_00000_d_0000492_blurry.jpg,0,"person_animal,road",high,0,1.0,2196.93,52.89,1,2025-10-26T01:02:30.070629
/Users/henrysze/Library/CloudStorage/OneDrive-TheHongKongPolytechnicUniversity/Y4_SEM1/FYP/Images/9999938_00000_d_0000493_blurry.jpg,0,road,high,1,1.0,2209.89,42.24,1,2025-10-26T01:02:30.209890
/Users/henrysze/Library/CloudStorage/OneDrive-TheHongKongPolytechnicUniversity/Y4_SEM1/FYP/Images/9999938_00000_d_0000494_blurry.jpg,0,road,high,1,1.0,2054.77,42.69,1,2025-10-26T01:02:30.357984
/Users/henrysze/Library/CloudStorage/OneDrive-TheHongKongPolytechnicUniversity/Y4_SEM1/FYP/Images/9999938_00000_d_0000496_blurry.jpg,0,road,high,1,1.0,1991.4,45.88,1,2025-10-26T01:02:30.611923
/Users/henrysze/Library/CloudStorage/OneDrive-TheHongKongPolytechnicUniversity/Y4_SEM1/FYP/Images/9999938_00000_d_0000497_blurry.jpg,0,"person_animal,road",high,1,1.0,2308.93,40.0,1,2025-10-26T01:02:30.754866
/Users/henrysze/Library/CloudStorage/OneDrive-TheHongKongPolytechnicUniversity/Y4_SEM1/FYP/Images/9999938_00000_d_0000501_blurry.jpg,0,road,high,1,1.0,2061.23,42.75,1,2025-10-26T01:02:31.246862
/Users/henrysze/Library/CloudStorage/OneDrive-TheHongKongPolytechnicUniversity/Y4_SEM1/FYP/Images/9999938_00000_d_0000502_blurry.jpg,0,road,high,1,1.0,2023.42,41.11,1,2025-10-26T01:02:31.388859
/Users/henrysze/Library/CloudStorage/OneDrive-TheHongKongPolytechnicUniversity/Y4_SEM1/FYP/Images/9999938_00000_d_0000503_blurry.jpg,0,"person_animal,road",high,1,1.0,1964.11,44.84,1,2025-10-26T01:02:31.534229
/Users/henrysze/Library/CloudStorage/OneDrive-TheHongKongPolytechnicUniversity/Y4_SEM1/FYP/Images/9999938_00000_d_0000504_blurry.jpg,0,road,high,1,1.0,2013.03,40.67,1,2025-10-26T01:02:31.655846
/Users/henrysze/Library/CloudStorage/OneDrive-TheHongKongPolytechnicUniversity/Y4_SEM1/FYP/Images/9999938_00000_d_0000505_blurry.jpg,0,"person_animal,road",high,1,1.0,1880.16,40.72,1,2025-10-26T01:02:31.782778
/Users/henrysze/Library/CloudStorage/OneDrive-TheHongKongPolytechnicUniversity/Y4_SEM1/FYP/Images/9999938_00000_d_0000506_blurry.jpg,0,"person_animal,road",high,0,1.0,1834.34,53.12,1,2025-10-26T01:02:31.935517
/Users/henrysze/Library/CloudStorage/OneDrive-TheHongKongPolytechnicUniversity/Y4_SEM1/FYP/Images/9999938_00000_d_0000507_blurry.jpg,0,road,high,1,1.0,1744.87,41.53,1,2025-10-26T01:02:32.079102
/Users/henrysze/Library/CloudStorage/OneDrive-TheHongKongPolytechnicUniversity/Y4_SEM1/FYP/Images/9999938_00000_d_0000508_blurry.jpg,0,"person_animal,road",high,1,1.0,1799.52,48.35,1,2025-10-26T01:02:32.226742
/Users/henrysze/Library/CloudStorage/OneDrive-TheHongKongPolytechnicUniversity/Y4_SEM1/FYP/Images/9999938_00000_d_0000510_blurry.jpg,0,road,high,1,1.0,1843.59,51.92,1,2025-10-26T01:02:32.480675
/Users/henrysze/Library/CloudStorage/OneDrive-TheHongKongPolytechnicUniversity/Y4_SEM1/FYP/Images/9999938_00000_d_0000511_blurry.jpg,0,"person_animal,road",high,1,1.0,1497.38,36.27,1,2025-10-26T01:02:32.615462
/Users/henrysze/Library/CloudStorage/OneDrive-TheHongKongPolytechnicUniversity/Y4_SEM1/FYP/Images/9999938_00000_d_0000512_blurry.jpg,0,"person_animal,road",high,1,1.0,2271.64,51.88,1,2025-10-26T01:02:32.750431
/Users/henrysze/Library/CloudStorage/OneDrive-TheHongKongPolytechnicUniversity/Y4_SEM1/FYP/Images/9999938_00000_d_0000513_blurry.jpg,0,"person_animal,road",high,1,1.0,1813.2,41.33,1,2025-10-26T01:02:32.903087
/Users/henrysze/Library/CloudStorage/OneDrive-TheHongKongPolytechnicUniversity/Y4_SEM1/FYP/Images/9999938_00000_d_0000514_blurry.jpg,0,"person_animal,road",high,0,1.0,2297.39,63.89,1,2025-10-26T01:02:33.041156
/Users/henrysze/Library/CloudStorage/OneDrive-TheHongKongPolytechnicUniversity/Y4_SEM1/FYP/Images/9999938_00000_d_0000515_blurry.jpg,0,"person_animal,road",high,1,1.0,1907.56,34.39,1,2025-10-26T01:02:33.169351
/Users/henrysze/Library/CloudStorage/OneDrive-TheHongKongPolytechnicUniversity/Y4_SEM1/FYP/Images/9999938_00000_d_0000516_blurry.jpg,0,road,high,1,1.0,1698.57,60.91,1,2025-10-26T01:02:33.299933
/Users/henrysze/Library/CloudStorage/OneDrive-TheHongKongPolytechnicUniversity/Y4_SEM1/FYP/Images/9999947_00000_d_0000001.jpg,0,road,high,0,1.0,2007.22,138.04,1,2025-10-26T01:02:37.891761
/Users/henrysze/Library/CloudStorage/OneDrive-TheHongKongPolytechnicUniversity/Y4_SEM1/FYP/Images/9999947_00000_d_0000002.jpg,0,road,high,0,1.0,2071.29,137.66,1,2025-10-26T01:02:38.041220
/Users/henrysze/Library/CloudStorage/OneDrive-TheHongKongPolytechnicUniversity/Y4_SEM1/FYP/Images/9999947_00000_d_0000003_blurry.jpg,0,road,high,0,1.0,1923.04,177.36,1,2025-10-26T01:02:38.197698
/Users/henrysze/Library/CloudStorage/OneDrive-TheHongKongPolytechnicUniversity/Y4_SEM1/FYP/Images/9999947_00000_d_0000004.jpg,0,road,high,0,1.0,2009.29,128.66,1,2025-10-26T01:02:38.354708
/Users/henrysze/Library/CloudStorage/OneDrive-TheHongKongPolytechnicUniversity/Y4_SEM1/FYP/Images/9999947_00000_d_0000006_blurry.jpg,0,road,high,0,0.95,1758.59,145.1,1,2025-10-26T01:02:38.583227
/Users/henrysze/Library/CloudStorage/OneDrive-TheHongKongPolytechnicUniversity/Y4_SEM1/FYP/Images/9999947_00000_d_0000007.jpg,0,"person_animal,road",high,0,1.0,2098.82,174.12,1,2025-10-26T01:02:38.748977
/Users/henrysze/Library/CloudStorage/OneDrive-TheHongKongPolytechnicUniversity/Y4_SEM1/FYP/Images/9999947_00000_d_0000008_blurry.jpg,0,"person_animal,road",high,0,1.0,1861.84,163.15,1,2025-10-26T01:02:38.893410
/Users/henrysze/Library/CloudStorage/OneDrive-TheHongKongPolytechnicUniversity/Y4_SEM1/FYP/Images/9999947_00000_d_0000009.jpg,0,"person_animal,road",high,0,1.0,1865.12,188.77,1,2025-10-26T01:02:39.051776
/Users/henrysze/Library/CloudStorage/OneDrive-TheHongKongPolytechnicUniversity/Y4_SEM1/FYP/Images/9999947_00000_d_0000010_blurry.jpg,0,"person_animal,road",high,0,1.0,1853.34,189.15,1,2025-10-26T01:02:39.205457
/Users/henrysze/Library/CloudStorage/OneDrive-TheHongKongPolytechnicUniversity/Y4_SEM1/FYP/Images/9999947_00000_d_0000011.jpg,0,"road,vegetation",high,0,1.0,1980.41,123.92,1,2025-10-26T01:02:39.349921
/Users/henrysze/Library/CloudStorage/OneDrive-TheHongKongPolytechnicUniversity/Y4_SEM1/FYP/Images/9999947_00000_d_0000012.jpg,0,"road,vegetation",high,0,1.0,2046.95,162.54,1,2025-10-26T01:02:39.513706
/Users/henrysze/Library/CloudStorage/OneDrive-TheHongKongPolytechnicUniversity/Y4_SEM1/FYP/Images/9999947_00000_d_0000013_blurry.jpg,0,"road,vegetation",high,0,1.0,2150.66,128.18,1,2025-10-26T01:02:39.669104
/Users/henrysze/Library/CloudStorage/OneDrive-TheHongKongPolytechnicUniversity/Y4_SEM1/FYP/Images/9999947_00000_d_0000015_blurry.jpg,0,"person_animal,road",high,0,1.0,1745.55,129.5,1,2025-10-26T01:02:39.894406
/Users/henrysze/Library/CloudStorage/OneDrive-TheHongKongPolytechnicUniversity/Y4_SEM1/FYP/Images/9999947_00000_d_0000017.jpg,0,"road,vegetation",high,0,1.0,1708.85,113.3,1,2025-10-26T01:02:40.129930
/Users/henrysze/Library/CloudStorage/OneDrive-TheHongKongPolytechnicUniversity/Y4_SEM1/FYP/Images/9999947_00000_d_0000018.jpg,0,"person_animal,road,vegetation",high,0,1.0,1851.7,112.43,1,2025-10-26T01:02:40.313404
/Users/henrysze/Library/CloudStorage/OneDrive-TheHongKongPolytechnicUniversity/Y4_SEM1/FYP/Images/9999947_00000_d_0000019_blurry.jpg,0,road,high,0,1.0,1886.12,136.91,1,2025-10-26T01:02:40.475034
/Users/henrysze/Library/CloudStorage/OneDrive-TheHongKongPolytechnicUniversity/Y4_SEM1/FYP/Images/9999947_00000_d_0000020_blurry.jpg,0,"road,vegetation",high,0,1.0,2212.25,115.04,1,2025-10-26T01:02:40.638576
/Users/henrysze/Library/CloudStorage/OneDrive-TheHongKongPolytechnicUniversity/Y4_SEM1/FYP/Images/9999947_00000_d_0000021_blurry.jpg,0,road,high,0,1.0,2056.91,144.53,1,2025-10-26T01:02:40.796283
/Users/henrysze/Library/CloudStorage/OneDrive-TheHongKongPolytechnicUniversity/Y4_SEM1/FYP/Images/9999947_00000_d_0000022_blurry.jpg,0,"person_animal,road,vegetation",high,0,1.0,1876.29,133.77,1,2025-10-26T01:02:40.948776
/Users/henrysze/Library/CloudStorage/OneDrive-TheHongKongPolytechnicUniversity/Y4_SEM1/FYP/Images/9999947_00000_d_0000023.jpg,0,"person_animal,road,vegetation",high,0,1.0,1913.78,138.76,1,2025-10-26T01:02:41.104694
/Users/henrysze/Library/CloudStorage/OneDrive-TheHongKongPolytechnicUniversity/Y4_SEM1/FYP/Images/9999947_00000_d_0000024.jpg,0,road,high,0,1.0,2173.35,139.15,1,2025-10-26T01:02:41.267662
/Users/henrysze/Library/CloudStorage/OneDrive-TheHongKongPolytechnicUniversity/Y4_SEM1/FYP/Images/9999947_00000_d_0000025_blurry.jpg,0,road,high,0,1.0,2057.66,144.94,1,2025-10-26T01:02:41.426070
/Users/henrysze/Library/CloudStorage/OneDrive-TheHongKongPolytechnicUniversity/Y4_SEM1/FYP/Images/9999947_00000_d_0000026.jpg,0,road,high,0,1.0,2292.31,121.76,1,2025-10-26T01:02:41.597922
/Users/henrysze/Library/CloudStorage/OneDrive-TheHongKongPolytechnicUniversity/Y4_SEM1/FYP/Images/9999947_00000_d_0000027.jpg,0,"person_animal,road",high,0,1.0,1992.75,137.84,1,2025-10-26T01:02:41.745236
/Users/henrysze/Library/CloudStorage/OneDrive-TheHongKongPolytechnicUniversity/Y4_SEM1/FYP/Images/9999952_00000_d_0000003_blurry.jpg,0,"person_animal,road",high,1,1.0,1606.14,28.47,1,2025-10-26T01:02:42.071216
/Users/henrysze/Library/CloudStorage/OneDrive-TheHongKongPolytechnicUniversity/Y4_SEM1/FYP/Images/9999952_00000_d_0000004_blurry.jpg,0,road,high,1,1.0,1828.12,31.06,1,2025-10-26T01:02:42.204770
/Users/henrysze/Library/CloudStorage/OneDrive-TheHongKongPolytechnicUniversity/Y4_SEM1/FYP/Images/9999952_00000_d_0000005_blurry.jpg,0,road,high,1,1.0,1600.15,35.83,1,2025-10-26T01:02:42.348577
/Users/henrysze/Library/CloudStorage/OneDrive-TheHongKongPolytechnicUniversity/Y4_SEM1/FYP/Images/9999952_00000_d_0000006_blurry.jpg,0,road,high,1,0.95,1411.56,22.32,1,2025-10-26T01:02:42.463987
/Users/henrysze/Library/CloudStorage/OneDrive-TheHongKongPolytechnicUniversity/Y4_SEM1/FYP/Images/9999952_00000_d_0000007_blurry.jpg,0,road,high,1,1.0,2029.67,31.12,1,2025-10-26T01:02:42.612596
/Users/henrysze/Library/CloudStorage/OneDrive-TheHongKongPolytechnicUniversity/Y4_SEM1/FYP/Images/9999952_00000_d_0000010_blurry.jpg,0,road,high,1,1.0,1773.11,36.56,1,2025-10-26T01:02:42.940940
/Users/henrysze/Library/CloudStorage/OneDrive-TheHongKongPolytechnicUniversity/Y4_SEM1/FYP/Images/9999952_00000_d_0000011.jpg,0,road,high,1,1.0,1822.45,42.35,1,2025-10-26T01:02:43.076198
/Users/henrysze/Library/CloudStorage/OneDrive-TheHongKongPolytechnicUniversity/Y4_SEM1/FYP/Images/9999952_00000_d_0000012_blurry.jpg,0,road,high,1,1.0,1800.18,41.48,1,2025-10-26T01:02:43.191793
/Users/henrysze/Library/CloudStorage/OneDrive-TheHongKongPolytechnicUniversity/Y4_SEM1/FYP/Images/9999952_00000_d_0000013_blurry.jpg,0,road,high,1,1.0,2106.17,28.99,1,2025-10-26T01:02:43.335006
/Users/henrysze/Library/CloudStorage/OneDrive-TheHongKongPolytechnicUniversity/Y4_SEM1/FYP/Images/9999952_00000_d_0000015_blurry.jpg,0,"person_animal,road",high,1,1.0,1532.72,38.76,1,2025-10-26T01:02:43.549109
/Users/henrysze/Library/CloudStorage/OneDrive-TheHongKongPolytechnicUniversity/Y4_SEM1/FYP/Images/9999952_00000_d_0000016_blurry.jpg,0,road,high,1,1.0,1616.08,37.69,1,2025-10-26T01:02:43.665230
/Users/henrysze/Library/CloudStorage/OneDrive-TheHongKongPolytechnicUniversity/Y4_SEM1/FYP/Images/9999952_00000_d_0000017_blurry.jpg,0,"person_animal,road",high,1,1.0,1446.51,29.32,1,2025-10-26T01:02:43.784654
/Users/henrysze/Library/CloudStorage/OneDrive-TheHongKongPolytechnicUniversity/Y4_SEM1/FYP/Images/9999952_00000_d_0000018_blurry.jpg,0,road,high,1,1.0,1423.58,31.8,1,2025-10-26T01:02:43.915919
/Users/henrysze/Library/CloudStorage/OneDrive-TheHongKongPolytechnicUniversity/Y4_SEM1/FYP/Images/9999952_00000_d_0000019_blurry.jpg,0,road,high,1,1.0,1348.88,22.83,1,2025-10-26T01:02:44.035518
/Users/henrysze/Library/CloudStorage/OneDrive-TheHongKongPolytechnicUniversity/Y4_SEM1/FYP/Images/9999952_00000_d_0000020_blurry.jpg,0,"person_animal,road",high,1,1.0,1412.32,24.44,1,2025-10-26T01:02:44.186496
/Users/henrysze/Library/CloudStorage/OneDrive-TheHongKongPolytechnicUniversity/Y4_SEM1/FYP/Images/9999952_00000_d_0000021_blurry.jpg,0,road,high,1,1.0,1417.48,31.13,1,2025-10-26T01:02:44.332049
/Users/henrysze/Library/CloudStorage/OneDrive-TheHongKongPolytechnicUniversity/Y4_SEM1/FYP/Images/9999952_00000_d_0000022_blurry.jpg,0,road,high,1,1.0,1405.02,31.08,1,2025-10-26T01:02:44.484464
/Users/henrysze/Library/CloudStorage/OneDrive-TheHongKongPolytechnicUniversity/Y4_SEM1/FYP/Images/9999952_00000_d_0000023_blurry.jpg,0,road,high,1,1.0,1482.44,21.73,1,2025-10-26T01:02:44.603797
/Users/henrysze/Library/CloudStorage/OneDrive-TheHongKongPolytechnicUniversity/Y4_SEM1/FYP/Images/9999952_00000_d_0000024_blurry.jpg,0,road,high,1,1.0,1810.14,23.45,1,2025-10-26T01:02:44.732389
/Users/henrysze/Library/CloudStorage/OneDrive-TheHongKongPolytechnicUniversity/Y4_SEM1/FYP/Images/9999952_00000_d_0000025_blurry.jpg,0,"person_animal,road",high,1,1.0,1884.06,27.44,1,2025-10-26T01:02:44.855817
/Users/henrysze/Library/CloudStorage/OneDrive-TheHongKongPolytechnicUniversity/Y4_SEM1/FYP/Images/9999952_00000_d_0000026_blurry.jpg,0,road,high,1,1.0,1764.75,26.56,1,2025-10-26T01:02:44.973965
/Users/henrysze/Library/CloudStorage/OneDrive-TheHongKongPolytechnicUniversity/Y4_SEM1/FYP/Images/9999952_00000_d_0000028_blurry.jpg,0,road,high,1,1.0,2228.85,31.52,1,2025-10-26T01:02:45.217175
/Users/henrysze/Library/CloudStorage/OneDrive-TheHongKongPolytechnicUniversity/Y4_SEM1/FYP/Images/9999952_00000_d_0000029_blurry.jpg,0,road,high,1,1.0,2142.83,24.75,1,2025-10-26T01:02:45.357320
/Users/henrysze/Library/CloudStorage/OneDrive-TheHongKongPolytechnicUniversity/Y4_SEM1/FYP/Images/9999952_00000_d_0000030_blurry.jpg,0,road,high,1,1.0,1641.0,27.64,1,2025-10-26T01:02:45.481459
/Users/henrysze/Library/CloudStorage/OneDrive-TheHongKongPolytechnicUniversity/Y4_SEM1/FYP/Images/9999952_00000_d_0000031_blurry.jpg,0,road,high,1,1.0,1809.35,29.2,1,2025-10-26T01:02:45.598311
/Users/henrysze/Library/CloudStorage/OneDrive-TheHongKongPolytechnicUniversity/Y4_SEM1/FYP/Images/9999952_00000_d_0000032_blurry.jpg,0,road,high,1,1.0,2102.04,40.51,1,2025-10-26T01:02:45.737033
/Users/henrysze/Library/CloudStorage/OneDrive-TheHongKongPolytechnicUniversity/Y4_SEM1/FYP/Images/9999952_00000_d_0000033_blurry.jpg,0,road,high,1,1.0,1896.48,34.16,1,2025-10-26T01:02:45.867969
/Users/henrysze/Library/CloudStorage/OneDrive-TheHongKongPolytechnicUniversity/Y4_SEM1/FYP/Images/9999952_00000_d_0000034_blurry.jpg,0,"person_animal,road",high,1,1.0,1753.85,30.3,1,2025-10-26T01:02:46.007124
/Users/henrysze/Library/CloudStorage/OneDrive-TheHongKongPolytechnicUniversity/Y4_SEM1/FYP/Images/9999952_00000_d_0000035_blurry.jpg,0,road,high,1,1.0,1889.57,34.8,1,2025-10-26T01:02:46.139461
/Users/henrysze/Library/CloudStorage/OneDrive-TheHongKongPolytechnicUniversity/Y4_SEM1/FYP/Images/9999952_00000_d_0000036_blurry.jpg,0,road,high,1,1.0,1910.96,28.72,1,2025-10-26T01:02:46.261162
/Users/henrysze/Library/CloudStorage/OneDrive-TheHongKongPolytechnicUniversity/Y4_SEM1/FYP/Images/9999952_00000_d_0000037_blurry.jpg,0,road,high,1,1.0,2001.45,31.4,1,2025-10-26T01:02:46.393024
/Users/henrysze/Library/CloudStorage/OneDrive-TheHongKongPolytechnicUniversity/Y4_SEM1/FYP/Images/9999952_00000_d_0000038_blurry.jpg,0,"person_animal,road",high,1,1.0,2012.22,34.75,1,2025-10-26T01:02:46.522275
/Users/henrysze/Library/CloudStorage/OneDrive-TheHongKongPolytechnicUniversity/Y4_SEM1/FYP/Images/9999952_00000_d_0000039_blurry.jpg,0,"person_animal,road",high,1,1.0,1975.43,28.61,1,2025-10-26T01:02:46.643469
/Users/henrysze/Library/CloudStorage/OneDrive-TheHongKongPolytechnicUniversity/Y4_SEM1/FYP/Images/9999952_00000_d_0000040_blurry.jpg,0,"person_animal,road",high,1,1.0,1941.97,40.17,1,2025-10-26T01:02:46.774431
/Users/henrysze/Library/CloudStorage/OneDrive-TheHongKongPolytechnicUniversity/Y4_SEM1/FYP/Images/9999952_00000_d_0000041_blurry.jpg,0,road,high,1,1.0,2047.51,39.77,1,2025-10-26T01:02:46.909370
/Users/henrysze/Library/CloudStorage/OneDrive-TheHongKongPolytechnicUniversity/Y4_SEM1/FYP/Images/9999952_00000_d_0000042_blurry.jpg,0,"person_animal,road",high,1,1.0,2183.0,41.54,1,2025-10-26T01:02:47.040336
/Users/henrysze/Library/CloudStorage/OneDrive-TheHongKongPolytechnicUniversity/Y4_SEM1/FYP/Images/9999952_00000_d_0000043_blurry.jpg,0,"person_animal,road",high,0,1.0,2414.72,58.8,1,2025-10-26T01:02:47.203663
/Users/henrysze/Library/CloudStorage/OneDrive-TheHongKongPolytechnicUniversity/Y4_SEM1/FYP/Images/9999952_00000_d_0000044_blurry.jpg,0,"person_animal,road",high,1,1.0,2491.94,52.54,1,2025-10-26T01:02:47.359042
/Users/henrysze/Library/CloudStorage/OneDrive-TheHongKongPolytechnicUniversity/Y4_SEM1/FYP/Images/9999952_00000_d_0000046_blurry.jpg,0,road,high,1,1.0,1704.16,55.87,1,2025-10-26T01:02:47.589298
/Users/henrysze/Library/CloudStorage/OneDrive-TheHongKongPolytechnicUniversity/Y4_SEM1/FYP/Images/9999952_00000_d_0000047.jpg,0,road,high,1,1.0,1901.39,50.92,1,2025-10-26T01:02:47.747485
/Users/henrysze/Library/CloudStorage/OneDrive-TheHongKongPolytechnicUniversity/Y4_SEM1/FYP/Images/9999952_00000_d_0000049_blurry.jpg,0,road,high,1,1.0,1599.64,47.59,1,2025-10-26T01:02:47.986508
/Users/henrysze/Library/CloudStorage/OneDrive-TheHongKongPolytechnicUniversity/Y4_SEM1/FYP/Images/9999952_00000_d_0000050_blurry.jpg,0,"person_animal,road",high,0,1.0,1887.83,72.84,1,2025-10-26T01:02:48.133660
/Users/henrysze/Library/CloudStorage/OneDrive-TheHongKongPolytechnicUniversity/Y4_SEM1/FYP/Images/9999952_00000_d_0000051_blurry.jpg,0,"person_animal,road",high,0,1.0,2046.5,78.07,1,2025-10-26T01:02:48.279262
/Users/henrysze/Library/CloudStorage/OneDrive-TheHongKongPolytechnicUniversity/Y4_SEM1/FYP/Images/9999952_00000_d_0000053_blurry.jpg,0,"person_animal,road",high,1,1.0,1406.5,37.28,1,2025-10-26T01:02:48.504653
/Users/henrysze/Library/CloudStorage/OneDrive-TheHongKongPolytechnicUniversity/Y4_SEM1/FYP/Images/9999952_00000_d_0000054_blurry.jpg,0,road,high,1,1.0,1515.69,36.15,1,2025-10-26T01:02:48.631482
/Users/henrysze/Library/CloudStorage/OneDrive-TheHongKongPolytechnicUniversity/Y4_SEM1/FYP/Images/9999952_00000_d_0000055_blurry.jpg,0,road,high,1,1.0,1725.85,31.19,1,2025-10-26T01:02:48.765115
/Users/henrysze/Library/CloudStorage/OneDrive-TheHongKongPolytechnicUniversity/Y4_SEM1/FYP/Images/9999952_00000_d_0000056_blurry.jpg,0,"person_animal,road",high,1,1.0,1601.3,31.47,1,2025-10-26T01:02:48.886079
/Users/henrysze/Library/CloudStorage/OneDrive-TheHongKongPolytechnicUniversity/Y4_SEM1/FYP/Images/9999952_00000_d_0000057_blurry.jpg,0,other,high,1,0.95,1284.84,21.99,1,2025-10-26T01:02:49.010242
/Users/henrysze/Library/CloudStorage/OneDrive-TheHongKongPolytechnicUniversity/Y4_SEM1/FYP/Images/9999952_00000_d_0000058_blurry.jpg,0,road,high,1,1.0,1583.26,27.57,1,2025-10-26T01:02:49.130597
/Users/henrysze/Library/CloudStorage/OneDrive-TheHongKongPolytechnicUniversity/Y4_SEM1/FYP/Images/9999952_00000_d_0000059_blurry.jpg,0,road,high,1,1.0,1563.69,26.58,1,2025-10-26T01:02:49.263983
/Users/henrysze/Library/CloudStorage/OneDrive-TheHongKongPolytechnicUniversity/Y4_SEM1/FYP/Images/9999952_00000_d_0000060_blurry.jpg,0,"person_animal,road",high,1,0.95,1434.76,26.25,1,2025-10-26T01:02:49.387888
/Users/henrysze/Library/CloudStorage/OneDrive-TheHongKongPolytechnicUniversity/Y4_SEM1/FYP/Images/9999952_00000_d_0000061_blurry.jpg,0,road,high,1,1.0,1660.43,41.45,1,2025-10-26T01:02:49.538309
/Users/henrysze/Library/CloudStorage/OneDrive-TheHongKongPolytechnicUniversity/Y4_SEM1/FYP/Images/9999952_00000_d_0000062_blurry.jpg,0,road,high,1,1.0,1507.32,26.88,1,2025-10-26T01:02:49.672259
/Users/henrysze/Library/CloudStorage/OneDrive-TheHongKongPolytechnicUniversity/Y4_SEM1/FYP/Images/9999952_00000_d_0000063_blurry.jpg,0,"person_animal,road",high,1,1.0,1665.21,39.88,1,2025-10-26T01:02:49.824513
/Users/henrysze/Library/CloudStorage/OneDrive-TheHongKongPolytechnicUniversity/Y4_SEM1/FYP/Images/9999952_00000_d_0000064_blurry.jpg,0,"person_animal,road",high,1,0.95,1367.41,23.59,1,2025-10-26T01:02:49.956653
/Users/henrysze/Library/CloudStorage/OneDrive-TheHongKongPolytechnicUniversity/Y4_SEM1/FYP/Images/9999952_00000_d_0000065_blurry.jpg,0,road,high,1,1.0,1510.78,34.36,1,2025-10-26T01:02:50.080108
/Users/henrysze/Library/CloudStorage/OneDrive-TheHongKongPolytechnicUniversity/Y4_SEM1/FYP/Images/9999952_00000_d_0000066_blurry.jpg,0,road,high,1,1.0,1454.1,27.5,1,2025-10-26T01:02:50.212417
/Users/henrysze/Library/CloudStorage/OneDrive-TheHongKongPolytechnicUniversity/Y4_SEM1/FYP/Images/9999952_00000_d_0000067_blurry.jpg,0,person_animal,high,1,0.95,1325.47,26.79,1,2025-10-26T01:02:50.324694
/Users/henrysze/Library/CloudStorage/OneDrive-TheHongKongPolytechnicUniversity/Y4_SEM1/FYP/Images/9999952_00000_d_0000068_blurry.jpg,0,road,high,1,1.0,1421.65,26.95,1,2025-10-26T01:02:50.460698
/Users/henrysze/Library/CloudStorage/OneDrive-TheHongKongPolytechnicUniversity/Y4_SEM1/FYP/Images/9999952_00000_d_0000069_blurry.jpg,0,road,high,1,1.0,1601.05,39.06,1,2025-10-26T01:02:50.602204
/Users/henrysze/Library/CloudStorage/OneDrive-TheHongKongPolytechnicUniversity/Y4_SEM1/FYP/Images/9999952_00000_d_0000070_blurry.jpg,0,road,high,1,1.0,1588.96,35.87,1,2025-10-26T01:02:50.744314
/Users/henrysze/Library/CloudStorage/OneDrive-TheHongKongPolytechnicUniversity/Y4_SEM1/FYP/Images/9999952_00000_d_0000071_blurry.jpg,0,road,high,1,1.0,1714.16,49.92,1,2025-10-26T01:02:50.883046
/Users/henrysze/Library/CloudStorage/OneDrive-TheHongKongPolytechnicUniversity/Y4_SEM1/FYP/Images/9999952_00000_d_0000074.jpg,0,road,high,0,1.0,1824.34,63.59,1,2025-10-26T01:02:51.218408
/Users/henrysze/Library/CloudStorage/OneDrive-TheHongKongPolytechnicUniversity/Y4_SEM1/FYP/Images/9999952_00000_d_0000075_blurry.jpg,0,road,high,1,1.0,1731.35,55.35,1,2025-10-26T01:02:51.353985
/Users/henrysze/Library/CloudStorage/OneDrive-TheHongKongPolytechnicUniversity/Y4_SEM1/FYP/Images/9999952_00000_d_0000076_blurry.jpg,0,"person_animal,road",high,1,1.0,1474.3,37.47,1,2025-10-26T01:02:51.497852
/Users/henrysze/Library/CloudStorage/OneDrive-TheHongKongPolytechnicUniversity/Y4_SEM1/FYP/Images/9999952_00000_d_0000077_blurry.jpg,0,"person_animal,road",high,1,1.0,1500.25,30.7,1,2025-10-26T01:02:51.623881
/Users/henrysze/Library/CloudStorage/OneDrive-TheHongKongPolytechnicUniversity/Y4_SEM1/FYP/Images/9999952_00000_d_0000078_blurry.jpg,0,"person_animal,road",high,1,1.0,1488.42,35.42,1,2025-10-26T01:02:51.751433
/Users/henrysze/Library/CloudStorage/OneDrive-TheHongKongPolytechnicUniversity/Y4_SEM1/FYP/Images/9999952_00000_d_0000079_blurry.jpg,0,road,high,1,1.0,1431.73,35.81,1,2025-10-26T01:02:51.884211
/Users/henrysze/Library/CloudStorage/OneDrive-TheHongKongPolytechnicUniversity/Y4_SEM1/FYP/Images/9999952_00000_d_0000080_blurry.jpg,0,road,high,1,1.0,1482.84,27.09,1,2025-10-26T01:02:52.006287
/Users/henrysze/Library/CloudStorage/OneDrive-TheHongKongPolytechnicUniversity/Y4_SEM1/FYP/Images/9999952_00000_d_0000081_blurry.jpg,0,road,high,1,1.0,1533.99,30.44,1,2025-10-26T01:02:52.131891
/Users/henrysze/Library/CloudStorage/OneDrive-TheHongKongPolytechnicUniversity/Y4_SEM1/FYP/Images/9999952_00000_d_0000082_blurry.jpg,0,road,high,1,1.0,1574.57,30.98,1,2025-10-26T01:02:52.258564
/Users/henrysze/Library/CloudStorage/OneDrive-TheHongKongPolytechnicUniversity/Y4_SEM1/FYP/Images/9999952_00000_d_0000083_dark.jpg,0,"person_animal,road",high,1,1.0,1729.03,59.4,1,2025-10-26T01:02:52.391707
/Users/henrysze/Library/CloudStorage/OneDrive-TheHongKongPolytechnicUniversity/Y4_SEM1/FYP/Images/9999952_00000_d_0000086_blurry.jpg,0,road,high,1,0.95,1464.59,30.05,1,2025-10-26T01:02:52.709707
/Users/henrysze/Library/CloudStorage/OneDrive-TheHongKongPolytechnicUniversity/Y4_SEM1/FYP/Images/9999952_00000_d_0000087_blurry.jpg,0,road,high,1,0.95,1362.15,27.1,1,2025-10-26T01:02:52.822565
/Users/henrysze/Library/CloudStorage/OneDrive-TheHongKongPolytechnicUniversity/Y4_SEM1/FYP/Images/9999952_00000_d_0000088_blurry.jpg,0,road,high,1,0.95,1535.17,30.61,1,2025-10-26T01:02:52.951731
/Users/henrysze/Library/CloudStorage/OneDrive-TheHongKongPolytechnicUniversity/Y4_SEM1/FYP/Images/9999952_00000_d_0000089_blurry.jpg,0,"person_animal,road",high,1,1.0,1536.11,29.17,1,2025-10-26T01:02:53.070213
/Users/henrysze/Library/CloudStorage/OneDrive-TheHongKongPolytechnicUniversity/Y4_SEM1/FYP/Images/9999952_00000_d_0000090_blurry.jpg,0,road,high,1,1.0,1528.28,32.04,1,2025-10-26T01:02:53.193247
/Users/henrysze/Library/CloudStorage/OneDrive-TheHongKongPolytechnicUniversity/Y4_SEM1/FYP/Images/9999952_00000_d_0000091_blurry.jpg,0,road,high,1,1.0,1502.62,32.21,1,2025-10-26T01:02:53.311718
/Users/henrysze/Library/CloudStorage/OneDrive-TheHongKongPolytechnicUniversity/Y4_SEM1/FYP/Images/9999952_00000_d_0000092_blurry.jpg,0,road,high,1,1.0,1972.65,46.57,1,2025-10-26T01:02:53.469324
/Users/henrysze/Library/CloudStorage/OneDrive-TheHongKongPolytechnicUniversity/Y4_SEM1/FYP/Images/9999952_00000_d_0000093_blurry.jpg,0,road,high,1,1.0,2048.67,39.04,1,2025-10-26T01:02:53.601065
/Users/henrysze/Library/CloudStorage/OneDrive-TheHongKongPolytechnicUniversity/Y4_SEM1/FYP/Images/9999952_00000_d_0000094_blurry.jpg,0,"person_animal,road",high,1,1.0,1977.96,50.24,1,2025-10-26T01:02:53.751004
/Users/henrysze/Library/CloudStorage/OneDrive-TheHongKongPolytechnicUniversity/Y4_SEM1/FYP/Images/9999952_00000_d_0000095_blurry.jpg,0,road,high,1,1.0,1489.3,35.22,1,2025-10-26T01:02:53.881575
/Users/henrysze/Library/CloudStorage/OneDrive-TheHongKongPolytechnicUniversity/Y4_SEM1/FYP/Images/9999952_00000_d_0000096_blurry.jpg,0,road,high,1,1.0,1744.4,32.16,1,2025-10-26T01:02:54.002427
/Users/henrysze/Library/CloudStorage/OneDrive-TheHongKongPolytechnicUniversity/Y4_SEM1/FYP/Images/9999952_00000_d_0000097_blurry.jpg,0,road,high,1,1.0,1851.17,31.43,1,2025-10-26T01:02:54.121560
/Users/henrysze/Library/CloudStorage/OneDrive-TheHongKongPolytechnicUniversity/Y4_SEM1/FYP/Images/9999952_00000_d_0000098_blurry.jpg,0,road,high,1,1.0,1490.6,33.89,1,2025-10-26T01:02:54.265002
/Users/henrysze/Library/CloudStorage/OneDrive-TheHongKongPolytechnicUniversity/Y4_SEM1/FYP/Images/9999952_00000_d_0000099_blurry.jpg,0,"person_animal,road",high,1,1.0,1741.91,44.35,1,2025-10-26T01:02:54.410735
/Users/henrysze/Library/CloudStorage/OneDrive-TheHongKongPolytechnicUniversity/Y4_SEM1/FYP/Images/9999952_00000_d_0000100_blurry.jpg,0,"person_animal,road",high,1,1.0,1459.53,27.9,1,2025-10-26T01:02:54.521269
/Users/henrysze/Library/CloudStorage/OneDrive-TheHongKongPolytechnicUniversity/Y4_SEM1/FYP/Images/9999952_00000_d_0000101_blurry.jpg,0,road,high,1,1.0,2302.68,41.59,1,2025-10-26T01:02:54.650594
/Users/henrysze/Library/CloudStorage/OneDrive-TheHongKongPolytechnicUniversity/Y4_SEM1/FYP/Images/9999952_00000_d_0000102.jpg,0,"person_animal,road",high,1,1.0,1980.39,36.17,1,2025-10-26T01:02:54.777051
/Users/henrysze/Library/CloudStorage/OneDrive-TheHongKongPolytechnicUniversity/Y4_SEM1/FYP/Images/9999952_00000_d_0000103_blurry.jpg,0,"person_animal,road",high,1,1.0,2158.86,49.38,1,2025-10-26T01:02:54.917269
/Users/henrysze/Library/CloudStorage/OneDrive-TheHongKongPolytechnicUniversity/Y4_SEM1/FYP/Images/9999952_00000_d_0000104_blurry.jpg,0,road,high,1,1.0,2099.63,32.71,1,2025-10-26T01:02:55.048627
/Users/henrysze/Library/CloudStorage/OneDrive-TheHongKongPolytechnicUniversity/Y4_SEM1/FYP/Images/9999952_00000_d_0000105_blurry.jpg,0,road,high,1,1.0,1729.29,43.71,1,2025-10-26T01:02:55.195452
/Users/henrysze/Library/CloudStorage/OneDrive-TheHongKongPolytechnicUniversity/Y4_SEM1/FYP/Images/9999952_00000_d_0000106_blurry.jpg,0,road,high,1,1.0,1810.55,39.61,1,2025-10-26T01:02:55.315327
/Users/henrysze/Library/CloudStorage/OneDrive-TheHongKongPolytechnicUniversity/Y4_SEM1/FYP/Images/9999952_00000_d_0000107_blurry.jpg,0,road,high,1,1.0,1844.71,45.86,1,2025-10-26T01:02:55.447330
/Users/henrysze/Library/CloudStorage/OneDrive-TheHongKongPolytechnicUniversity/Y4_SEM1/FYP/Images/9999952_00000_d_0000108_blurry.jpg,0,road,high,1,0.95,1546.45,23.54,1,2025-10-26T01:02:55.558451
/Users/henrysze/Library/CloudStorage/OneDrive-TheHongKongPolytechnicUniversity/Y4_SEM1/FYP/Images/9999952_00000_d_0000109_blurry.jpg,0,road,high,1,1.0,1647.14,25.21,1,2025-10-26T01:02:55.676461
/Users/henrysze/Library/CloudStorage/OneDrive-TheHongKongPolytechnicUniversity/Y4_SEM1/FYP/Images/9999952_00000_d_0000110._blurryjpg.jpg,0,road,high,1,1.0,1601.87,28.27,1,2025-10-26T01:02:55.800231
/Users/henrysze/Library/CloudStorage/OneDrive-TheHongKongPolytechnicUniversity/Y4_SEM1/FYP/Images/9999952_00000_d_0000111_blurry.jpg,0,road,high,1,1.0,1639.25,39.94,1,2025-10-26T01:02:55.938449
/Users/henrysze/Library/CloudStorage/OneDrive-TheHongKongPolytechnicUniversity/Y4_SEM1/FYP/Images/9999952_00000_d_0000112_blurry.jpg,0,road,high,1,1.0,1932.38,47.56,1,2025-10-26T01:02:56.062485
/Users/henrysze/Library/CloudStorage/OneDrive-TheHongKongPolytechnicUniversity/Y4_SEM1/FYP/Images/9999952_00000_d_0000113_blurry.jpg,0,road,high,1,1.0,1753.76,36.11,1,2025-10-26T01:02:56.182472
/Users/henrysze/Library/CloudStorage/OneDrive-TheHongKongPolytechnicUniversity/Y4_SEM1/FYP/Images/9999952_00000_d_0000114_blurry.jpg,0,"person_animal,road",high,1,1.0,1731.96,42.78,1,2025-10-26T01:02:56.306070
/Users/henrysze/Library/CloudStorage/OneDrive-TheHongKongPolytechnicUniversity/Y4_SEM1/FYP/Images/9999952_00000_d_0000115_blurry.jpg,0,road,high,1,1.0,2247.77,58.83,1,2025-10-26T01:02:56.439855
/Users/henrysze/Library/CloudStorage/OneDrive-TheHongKongPolytechnicUniversity/Y4_SEM1/FYP/Images/9999952_00000_d_0000116_blurry.jpg,0,road,high,1,1.0,1943.4,43.72,1,2025-10-26T01:02:56.573848
/Users/henrysze/Library/CloudStorage/OneDrive-TheHongKongPolytechnicUniversity/Y4_SEM1/FYP/Images/9999952_00000_d_0000117_blurry.jpg,0,"person_animal,road",high,1,1.0,1818.93,29.61,1,2025-10-26T01:02:56.718540
/Users/henrysze/Library/CloudStorage/OneDrive-TheHongKongPolytechnicUniversity/Y4_SEM1/FYP/Images/9999952_00000_d_0000118_blurry.jpg,0,road,high,1,1.0,2265.04,32.76,1,2025-10-26T01:02:56.860429
/Users/henrysze/Library/CloudStorage/OneDrive-TheHongKongPolytechnicUniversity/Y4_SEM1/FYP/Images/9999952_00000_d_0000119_blurry.jpg,0,road,high,1,1.0,2373.05,42.44,1,2025-10-26T01:02:57.001032
/Users/henrysze/Library/CloudStorage/OneDrive-TheHongKongPolytechnicUniversity/Y4_SEM1/FYP/Images/9999952_00000_d_0000120_blurry.jpg,0,road,high,1,1.0,2170.75,32.25,1,2025-10-26T01:02:57.122445
/Users/henrysze/Library/CloudStorage/OneDrive-TheHongKongPolytechnicUniversity/Y4_SEM1/FYP/Images/9999952_00000_d_0000121_blurry.jpg,0,road,high,1,1.0,1962.79,32.75,1,2025-10-26T01:02:57.252357
/Users/henrysze/Library/CloudStorage/OneDrive-TheHongKongPolytechnicUniversity/Y4_SEM1/FYP/Images/9999952_00000_d_0000122_blurry.jpg,0,road,high,1,1.0,1922.22,32.1,1,2025-10-26T01:02:57.364893
/Users/henrysze/Library/CloudStorage/OneDrive-TheHongKongPolytechnicUniversity/Y4_SEM1/FYP/Images/9999952_00000_d_0000123_blurry.jpg,0,road,high,1,1.0,2067.77,36.8,1,2025-10-26T01:02:57.489667
/Users/henrysze/Library/CloudStorage/OneDrive-TheHongKongPolytechnicUniversity/Y4_SEM1/FYP/Images/9999952_00000_d_0000124_blurry.jpg,0,road,high,1,1.0,2181.46,34.54,1,2025-10-26T01:02:57.610754
/Users/henrysze/Library/CloudStorage/OneDrive-TheHongKongPolytechnicUniversity/Y4_SEM1/FYP/Images/9999952_00000_d_0000125_blurry.jpg,0,"person_animal,road",high,1,1.0,2089.11,33.19,1,2025-10-26T01:02:57.737995
/Users/henrysze/Library/CloudStorage/OneDrive-TheHongKongPolytechnicUniversity/Y4_SEM1/FYP/Images/9999952_00000_d_0000126_blurry.jpg,0,road,high,1,1.0,1821.87,31.83,1,2025-10-26T01:02:57.865746
/Users/henrysze/Library/CloudStorage/OneDrive-TheHongKongPolytechnicUniversity/Y4_SEM1/FYP/Images/9999952_00000_d_0000127_blurry.jpg,0,road,high,1,1.0,2050.85,40.11,1,2025-10-26T01:02:57.999053
/Users/henrysze/Library/CloudStorage/OneDrive-TheHongKongPolytechnicUniversity/Y4_SEM1/FYP/Images/9999952_00000_d_0000128_blurry.jpg,0,"person_animal,road",high,1,1.0,2201.29,48.31,1,2025-10-26T01:02:58.128994
/Users/henrysze/Library/CloudStorage/OneDrive-TheHongKongPolytechnicUniversity/Y4_SEM1/FYP/Images/9999952_00000_d_0000129_blurry.jpg,0,road,high,1,1.0,1724.45,38.99,1,2025-10-26T01:02:58.245082
/Users/henrysze/Library/CloudStorage/OneDrive-TheHongKongPolytechnicUniversity/Y4_SEM1/FYP/Images/9999952_00000_d_0000130_blurry.jpg,0,"person_animal,road",high,1,1.0,2050.66,59.24,1,2025-10-26T01:02:58.379840
/Users/henrysze/Library/CloudStorage/OneDrive-TheHongKongPolytechnicUniversity/Y4_SEM1/FYP/Images/9999952_00000_d_0000132_blurry.jpg,0,"person_animal,road",high,1,1.0,2010.8,59.83,1,2025-10-26T01:02:58.616868
/Users/henrysze/Library/CloudStorage/OneDrive-TheHongKongPolytechnicUniversity/Y4_SEM1/FYP/Images/9999952_00000_d_0000133_blurry.jpg,0,road,high,1,1.0,2168.76,33.73,1,2025-10-26T01:02:58.751252
/Users/henrysze/Library/CloudStorage/OneDrive-TheHongKongPolytechnicUniversity/Y4_SEM1/FYP/Images/9999952_00000_d_0000134_blurry.jpg,0,road,high,1,1.0,2092.39,45.48,1,2025-10-26T01:02:58.891538
/Users/henrysze/Library/CloudStorage/OneDrive-TheHongKongPolytechnicUniversity/Y4_SEM1/FYP/Images/9999952_00000_d_0000135_blurry.jpg,0,"person_animal,road",high,1,1.0,2339.75,45.06,1,2025-10-26T01:02:59.038003
/Users/henrysze/Library/CloudStorage/OneDrive-TheHongKongPolytechnicUniversity/Y4_SEM1/FYP/Images/9999952_00000_d_0000136_blurry.jpg,0,road,high,1,1.0,1888.35,27.55,1,2025-10-26T01:02:59.167769
/Users/henrysze/Library/CloudStorage/OneDrive-TheHongKongPolytechnicUniversity/Y4_SEM1/FYP/Images/9999952_00000_d_0000137_blurry.jpg,0,road,high,1,0.95,1761.86,21.19,1,2025-10-26T01:02:59.283143
/Users/henrysze/Library/CloudStorage/OneDrive-TheHongKongPolytechnicUniversity/Y4_SEM1/FYP/Images/9999952_00000_d_0000138_blurry.jpg,0,"person_animal,road",high,1,1.0,2025.94,27.86,1,2025-10-26T01:02:59.431158
/Users/henrysze/Library/CloudStorage/OneDrive-TheHongKongPolytechnicUniversity/Y4_SEM1/FYP/Images/9999952_00000_d_0000139_blurry.jpg,0,"person_animal,road",high,1,1.0,2015.46,33.43,1,2025-10-26T01:02:59.569832
/Users/henrysze/Library/CloudStorage/OneDrive-TheHongKongPolytechnicUniversity/Y4_SEM1/FYP/Images/9999952_00000_d_0000140_blurry.jpg,0,road,high,1,1.0,1841.34,34.97,1,2025-10-26T01:02:59.689908
/Users/henrysze/Library/CloudStorage/OneDrive-TheHongKongPolytechnicUniversity/Y4_SEM1/FYP/Images/9999952_00000_d_0000141_blurry.jpg,0,road,high,1,1.0,2434.03,45.5,1,2025-10-26T01:02:59.831169
/Users/henrysze/Library/CloudStorage/OneDrive-TheHongKongPolytechnicUniversity/Y4_SEM1/FYP/Images/9999952_00000_d_0000142_blurry.jpg,0,road,high,1,1.0,1905.71,40.8,1,2025-10-26T01:02:59.980184
/Users/henrysze/Library/CloudStorage/OneDrive-TheHongKongPolytechnicUniversity/Y4_SEM1/FYP/Images/9999952_00000_d_0000143.jpg,0,road,high,1,1.0,1738.1,43.07,1,2025-10-26T01:03:00.108553
/Users/henrysze/Library/CloudStorage/OneDrive-TheHongKongPolytechnicUniversity/Y4_SEM1/FYP/Images/9999952_00000_d_0000144.jpg,0,"person_animal,road",high,1,1.0,1989.08,30.55,1,2025-10-26T01:03:00.232655
/Users/henrysze/Library/CloudStorage/OneDrive-TheHongKongPolytechnicUniversity/Y4_SEM1/FYP/Images/9999952_00000_d_0000145.jpg,0,road,high,1,1.0,1769.99,28.98,1,2025-10-26T01:03:00.353012
/Users/henrysze/Library/CloudStorage/OneDrive-TheHongKongPolytechnicUniversity/Y4_SEM1/FYP/Images/9999952_00000_d_0000146_blurry.jpg,0,"person_animal,road",high,1,1.0,1635.38,31.81,1,2025-10-26T01:03:00.465097
/Users/henrysze/Library/CloudStorage/OneDrive-TheHongKongPolytechnicUniversity/Y4_SEM1/FYP/Images/9999952_00000_d_0000147.jpg,0,road,high,1,1.0,1865.23,33.47,1,2025-10-26T01:03:00.585769
/Users/henrysze/Library/CloudStorage/OneDrive-TheHongKongPolytechnicUniversity/Y4_SEM1/FYP/Images/9999952_00000_d_0000149.jpg,0,"person_animal,road",high,1,1.0,2457.63,54.4,1,2025-10-26T01:03:00.818001
/Users/henrysze/Library/CloudStorage/OneDrive-TheHongKongPolytechnicUniversity/Y4_SEM1/FYP/Images/9999952_00000_d_0000151_blurry.jpg,0,"person_animal,road",high,0,1.0,1772.06,77.82,1,2025-10-26T01:03:01.052430
/Users/henrysze/Library/CloudStorage/OneDrive-TheHongKongPolytechnicUniversity/Y4_SEM1/FYP/Images/9999952_00000_d_0000152.jpg,0,road,high,0,1.0,2511.01,72.16,1,2025-10-26T01:03:01.208730
/Users/henrysze/Library/CloudStorage/OneDrive-TheHongKongPolytechnicUniversity/Y4_SEM1/FYP/Images/9999952_00000_d_0000153.jpg,0,road,high,1,1.0,1805.51,37.43,1,2025-10-26T01:03:01.349075
/Users/henrysze/Library/CloudStorage/OneDrive-TheHongKongPolytechnicUniversity/Y4_SEM1/FYP/Images/9999952_00000_d_0000154.jpg,0,road,high,1,1.0,2556.61,49.72,1,2025-10-26T01:03:01.501135
/Users/henrysze/Library/CloudStorage/OneDrive-TheHongKongPolytechnicUniversity/Y4_SEM1/FYP/Images/9999952_00000_d_0000155_blurry.jpg,0,"person_animal,road",high,1,1.0,1797.9,44.13,1,2025-10-26T01:03:01.648080
/Users/henrysze/Library/CloudStorage/OneDrive-TheHongKongPolytechnicUniversity/Y4_SEM1/FYP/Images/9999952_00000_d_0000156.jpg,0,"person_animal,road",high,1,0.95,1624.74,27.12,1,2025-10-26T01:03:01.764962
/Users/henrysze/Library/CloudStorage/OneDrive-TheHongKongPolytechnicUniversity/Y4_SEM1/FYP/Images/9999952_00000_d_0000157.jpg,0,road,high,1,1.0,1629.52,39.39,1,2025-10-26T01:03:01.923020
/Users/henrysze/Library/CloudStorage/OneDrive-TheHongKongPolytechnicUniversity/Y4_SEM1/FYP/Images/9999952_00000_d_0000158.jpg,0,road,high,0,1.0,2573.6,74.7,1,2025-10-26T01:03:02.083491
/Users/henrysze/Library/CloudStorage/OneDrive-TheHongKongPolytechnicUniversity/Y4_SEM1/FYP/Images/9999952_00000_d_0000160_blurry.jpg,0,"person_animal,road",high,0,1.0,2520.21,66.2,1,2025-10-26T01:03:02.335885
/Users/henrysze/Library/CloudStorage/OneDrive-TheHongKongPolytechnicUniversity/Y4_SEM1/FYP/Images/9999952_00000_d_0000162_blurry.jpg,0,road,high,1,1.0,1917.47,40.28,1,2025-10-26T01:03:02.584088
/Users/henrysze/Library/CloudStorage/OneDrive-TheHongKongPolytechnicUniversity/Y4_SEM1/FYP/Images/9999952_00000_d_0000163_blurry.jpg,0,road,high,1,1.0,2068.57,43.07,1,2025-10-26T01:03:02.742783
/Users/henrysze/Library/CloudStorage/OneDrive-TheHongKongPolytechnicUniversity/Y4_SEM1/FYP/Images/9999952_00000_d_0000165_blurry.jpg,0,road,high,1,1.0,1852.49,48.76,1,2025-10-26T01:03:02.982110
/Users/henrysze/Library/CloudStorage/OneDrive-TheHongKongPolytechnicUniversity/Y4_SEM1/FYP/Images/9999952_00000_d_0000166_blurry.jpg,0,road,high,1,0.95,2158.57,37.95,1,2025-10-26T01:03:03.120608
/Users/henrysze/Library/CloudStorage/OneDrive-TheHongKongPolytechnicUniversity/Y4_SEM1/FYP/Images/9999952_00000_d_0000167_blurry.jpg,0,road,high,1,1.0,1950.1,49.92,1,2025-10-26T01:03:03.259920
/Users/henrysze/Library/CloudStorage/OneDrive-TheHongKongPolytechnicUniversity/Y4_SEM1/FYP/Images/9999952_00000_d_0000168_blurry.jpg,0,"person_animal,road",high,1,1.0,2111.78,60.32,1,2025-10-26T01:03:03.415239
/Users/henrysze/Library/CloudStorage/OneDrive-TheHongKongPolytechnicUniversity/Y4_SEM1/FYP/Images/9999952_00000_d_0000169_blurry.jpg,0,road,high,1,1.0,2094.64,59.1,1,2025-10-26T01:03:03.544051
/Users/henrysze/Library/CloudStorage/OneDrive-TheHongKongPolytechnicUniversity/Y4_SEM1/FYP/Images/9999952_00000_d_0000170_blurry.jpg,0,"person_animal,road",high,1,1.0,2262.26,44.86,1,2025-10-26T01:03:03.673037
/Users/henrysze/Library/CloudStorage/OneDrive-TheHongKongPolytechnicUniversity/Y4_SEM1/FYP/Images/9999952_00000_d_0000171_blurry.jpg,0,road,high,1,1.0,2083.56,40.0,1,2025-10-26T01:03:03.795501
/Users/henrysze/Library/CloudStorage/OneDrive-TheHongKongPolytechnicUniversity/Y4_SEM1/FYP/Images/9999952_00000_d_0000172_blurry.jpg,0,road,high,1,1.0,2382.59,44.34,1,2025-10-26T01:03:03.914514
/Users/henrysze/Library/CloudStorage/OneDrive-TheHongKongPolytechnicUniversity/Y4_SEM1/FYP/Images/9999952_00000_d_0000173_blurry.jpg,0,road,high,1,1.0,1923.6,42.58,1,2025-10-26T01:03:04.043443
/Users/henrysze/Library/CloudStorage/OneDrive-TheHongKongPolytechnicUniversity/Y4_SEM1/FYP/Images/9999952_00000_d_0000174_blurry.jpg,0,road,high,1,1.0,2118.52,34.45,1,2025-10-26T01:03:04.175668
/Users/henrysze/Library/CloudStorage/OneDrive-TheHongKongPolytechnicUniversity/Y4_SEM1/FYP/Images/9999952_00000_d_0000175_blurry.jpg,0,road,high,1,1.0,1554.28,31.91,1,2025-10-26T01:03:04.306733
/Users/henrysze/Library/CloudStorage/OneDrive-TheHongKongPolytechnicUniversity/Y4_SEM1/FYP/Images/9999952_00000_d_0000176.jpg,0,road,high,1,1.0,1432.14,23.12,1,2025-10-26T01:03:04.422936
/Users/henrysze/Library/CloudStorage/OneDrive-TheHongKongPolytechnicUniversity/Y4_SEM1/FYP/Images/9999952_00000_d_0000179_blurry.jpg,0,"person_animal,road",high,1,0.95,1420.76,20.76,1,2025-10-26T01:03:04.753742
/Users/henrysze/Library/CloudStorage/OneDrive-TheHongKongPolytechnicUniversity/Y4_SEM1/FYP/Images/9999952_00000_d_0000180_blurry.jpg,0,road,high,1,0.95,1551.55,20.65,1,2025-10-26T01:03:04.864264
/Users/henrysze/Library/CloudStorage/OneDrive-TheHongKongPolytechnicUniversity/Y4_SEM1/FYP/Images/9999952_00000_d_0000181_blurry.jpg,0,"person_animal,road",high,1,0.95,1478.26,20.18,1,2025-10-26T01:03:04.995415
/Users/henrysze/Library/CloudStorage/OneDrive-TheHongKongPolytechnicUniversity/Y4_SEM1/FYP/Images/9999952_00000_d_0000182_blurry.jpg,0,"person_animal,road",high,1,0.95,1603.55,22.81,1,2025-10-26T01:03:05.108975
/Users/henrysze/Library/CloudStorage/OneDrive-TheHongKongPolytechnicUniversity/Y4_SEM1/FYP/Images/9999952_00000_d_0000184_blurry.jpg,0,"person_animal,road",high,1,0.95,1671.0,26.11,1,2025-10-26T01:03:05.334290
/Users/henrysze/Library/CloudStorage/OneDrive-TheHongKongPolytechnicUniversity/Y4_SEM1/FYP/Images/9999952_00000_d_0000185_blurry.jpg,0,road,high,1,0.95,1695.25,23.77,1,2025-10-26T01:03:05.454342
/Users/henrysze/Library/CloudStorage/OneDrive-TheHongKongPolytechnicUniversity/Y4_SEM1/FYP/Images/9999952_00000_d_0000186_blurry.jpg,0,road,high,1,0.95,1685.88,24.33,1,2025-10-26T01:03:05.568242
/Users/henrysze/Library/CloudStorage/OneDrive-TheHongKongPolytechnicUniversity/Y4_SEM1/FYP/Images/9999952_00000_d_0000187_blurry.jpg,0,road,high,1,0.95,1508.36,24.51,1,2025-10-26T01:03:05.679272
/Users/henrysze/Library/CloudStorage/OneDrive-TheHongKongPolytechnicUniversity/Y4_SEM1/FYP/Images/9999952_00000_d_0000188_blurry.jpg,0,"person_animal,road",high,1,0.95,1631.41,26.77,1,2025-10-26T01:03:05.812446
/Users/henrysze/Library/CloudStorage/OneDrive-TheHongKongPolytechnicUniversity/Y4_SEM1/FYP/Images/9999952_00000_d_0000189_blurry.jpg,0,road,high,1,0.95,1523.87,26.18,1,2025-10-26T01:03:05.940148
/Users/henrysze/Library/CloudStorage/OneDrive-TheHongKongPolytechnicUniversity/Y4_SEM1/FYP/Images/9999952_00000_d_0000190_blurry.jpg,0,road,high,1,0.95,1398.66,20.34,1,2025-10-26T01:03:06.060391
/Users/henrysze/Library/CloudStorage/OneDrive-TheHongKongPolytechnicUniversity/Y4_SEM1/FYP/Images/9999952_00000_d_0000191_blurry.jpg,0,road,high,1,1.0,1384.76,26.72,1,2025-10-26T01:03:06.197634
/Users/henrysze/Library/CloudStorage/OneDrive-TheHongKongPolytechnicUniversity/Y4_SEM1/FYP/Images/9999952_00000_d_0000192_blurry.jpg,0,"person_animal,road",high,1,0.95,1433.91,21.45,1,2025-10-26T01:03:06.315537
/Users/henrysze/Library/CloudStorage/OneDrive-TheHongKongPolytechnicUniversity/Y4_SEM1/FYP/Images/9999952_00000_d_0000193_blurry.jpg,0,road,high,1,0.95,2084.26,25.04,1,2025-10-26T01:03:06.451838
/Users/henrysze/Library/CloudStorage/OneDrive-TheHongKongPolytechnicUniversity/Y4_SEM1/FYP/Images/9999952_00000_d_0000195_blurry.jpg,0,road,high,1,0.95,1447.19,21.99,1,2025-10-26T01:03:06.689988
/Users/henrysze/Library/CloudStorage/OneDrive-TheHongKongPolytechnicUniversity/Y4_SEM1/FYP/Images/9999952_00000_d_0000196_blurry.jpg,0,"person_animal,road",high,1,1.0,1436.24,33.75,1,2025-10-26T01:03:06.831654
/Users/henrysze/Library/CloudStorage/OneDrive-TheHongKongPolytechnicUniversity/Y4_SEM1/FYP/Images/9999952_00000_d_0000197_blurry.jpg,0,road,high,1,1.0,1569.35,36.81,1,2025-10-26T01:03:06.946931
/Users/henrysze/Library/CloudStorage/OneDrive-TheHongKongPolytechnicUniversity/Y4_SEM1/FYP/Images/9999952_00000_d_0000198_blurry.jpg,0,road,high,1,1.0,1317.19,30.12,1,2025-10-26T01:03:07.072418
/Users/henrysze/Library/CloudStorage/OneDrive-TheHongKongPolytechnicUniversity/Y4_SEM1/FYP/Images/9999952_00000_d_0000199_blurry.jpg,0,"person_animal,road",high,1,1.0,1895.61,39.8,1,2025-10-26T01:03:07.197528
/Users/henrysze/Library/CloudStorage/OneDrive-TheHongKongPolytechnicUniversity/Y4_SEM1/FYP/Images/9999952_00000_d_0000200_blurry.jpg,0,road,high,1,1.0,1615.29,28.95,1,2025-10-26T01:03:07.312819
/Users/henrysze/Library/CloudStorage/OneDrive-TheHongKongPolytechnicUniversity/Y4_SEM1/FYP/Images/9999952_00000_d_0000201_blurry.jpg,0,road,high,1,1.0,1258.54,26.04,1,2025-10-26T01:03:07.442603
/Users/henrysze/Library/CloudStorage/OneDrive-TheHongKongPolytechnicUniversity/Y4_SEM1/FYP/Images/9999952_00000_d_0000202_blurry.jpg,0,"person_animal,road",high,1,1.0,1756.5,37.95,1,2025-10-26T01:03:07.562028
/Users/henrysze/Library/CloudStorage/OneDrive-TheHongKongPolytechnicUniversity/Y4_SEM1/FYP/Images/9999952_00000_d_0000203_blurry.jpg,0,road,high,1,1.0,1700.72,38.5,1,2025-10-26T01:03:07.684349
/Users/henrysze/Library/CloudStorage/OneDrive-TheHongKongPolytechnicUniversity/Y4_SEM1/FYP/Images/9999952_00000_d_0000204_blurry.jpg,0,"person_animal,road",high,1,1.0,1373.58,33.89,1,2025-10-26T01:03:07.810580
/Users/henrysze/Library/CloudStorage/OneDrive-TheHongKongPolytechnicUniversity/Y4_SEM1/FYP/Images/9999952_00000_d_0000205_blurry.jpg,0,road,high,1,1.0,1642.25,39.7,1,2025-10-26T01:03:07.931497
/Users/henrysze/Library/CloudStorage/OneDrive-TheHongKongPolytechnicUniversity/Y4_SEM1/FYP/Images/9999952_00000_d_0000206_blurry.jpg,0,road,high,1,1.0,1809.46,40.96,1,2025-10-26T01:03:08.053573
/Users/henrysze/Library/CloudStorage/OneDrive-TheHongKongPolytechnicUniversity/Y4_SEM1/FYP/Images/9999952_00000_d_0000207_blurry.jpg,0,road,high,1,1.0,1426.39,38.93,1,2025-10-26T01:03:08.175952
/Users/henrysze/Library/CloudStorage/OneDrive-TheHongKongPolytechnicUniversity/Y4_SEM1/FYP/Images/9999952_00000_d_0000209_blurry.jpg,0,road,high,1,1.0,1628.33,37.0,1,2025-10-26T01:03:08.384076
/Users/henrysze/Library/CloudStorage/OneDrive-TheHongKongPolytechnicUniversity/Y4_SEM1/FYP/Images/9999952_00000_d_0000210_blurry.jpg,0,"person_animal,road",high,1,1.0,1642.72,43.55,1,2025-10-26T01:03:08.515634
/Users/henrysze/Library/CloudStorage/OneDrive-TheHongKongPolytechnicUniversity/Y4_SEM1/FYP/Images/9999952_00000_d_0000211_blurry.jpg,0,road,high,1,1.0,1885.65,43.33,1,2025-10-26T01:03:08.632373
/Users/henrysze/Library/CloudStorage/OneDrive-TheHongKongPolytechnicUniversity/Y4_SEM1/FYP/Images/9999952_00000_d_0000212_blurry.jpg,0,road,high,1,1.0,1671.06,41.8,1,2025-10-26T01:03:08.771185
/Users/henrysze/Library/CloudStorage/OneDrive-TheHongKongPolytechnicUniversity/Y4_SEM1/FYP/Images/9999952_00000_d_0000213_blurry.jpg,0,"person_animal,road",high,1,1.0,1958.36,31.05,1,2025-10-26T01:03:08.890780
/Users/henrysze/Library/CloudStorage/OneDrive-TheHongKongPolytechnicUniversity/Y4_SEM1/FYP/Images/9999952_00000_d_0000214_blurry.jpg,0,road,high,1,1.0,2077.46,31.46,1,2025-10-26T01:03:09.013285
/Users/henrysze/Library/CloudStorage/OneDrive-TheHongKongPolytechnicUniversity/Y4_SEM1/FYP/Images/9999952_00000_d_0000215_blurry.jpg,0,road,high,1,1.0,2032.79,35.52,1,2025-10-26T01:03:09.136766
/Users/henrysze/Library/CloudStorage/OneDrive-TheHongKongPolytechnicUniversity/Y4_SEM1/FYP/Images/9999952_00000_d_0000216_blurry.jpg,0,"person_animal,road",high,1,1.0,1655.74,48.63,1,2025-10-26T01:03:09.268736
/Users/henrysze/Library/CloudStorage/OneDrive-TheHongKongPolytechnicUniversity/Y4_SEM1/FYP/Images/9999952_00000_d_0000217_blurry.jpg,0,"person_animal,road",high,1,1.0,2317.26,38.35,1,2025-10-26T01:03:09.394955
/Users/henrysze/Library/CloudStorage/OneDrive-TheHongKongPolytechnicUniversity/Y4_SEM1/FYP/Images/9999952_00000_d_0000218_blurry.jpg,0,road,high,1,0.95,1398.06,30.79,1,2025-10-26T01:03:09.503107
/Users/henrysze/Library/CloudStorage/OneDrive-TheHongKongPolytechnicUniversity/Y4_SEM1/FYP/Images/9999952_00000_d_0000219_blurry.jpg,0,road,high,1,1.0,2270.94,38.73,1,2025-10-26T01:03:09.637407
/Users/henrysze/Library/CloudStorage/OneDrive-TheHongKongPolytechnicUniversity/Y4_SEM1/FYP/Images/9999952_00000_d_0000220_blurry.jpg,0,road,high,1,1.0,2028.75,33.69,1,2025-10-26T01:03:09.752760
/Users/henrysze/Library/CloudStorage/OneDrive-TheHongKongPolytechnicUniversity/Y4_SEM1/FYP/Images/9999952_00000_d_0000221_blurry.jpg,0,"person_animal,road",high,1,1.0,2251.72,36.93,1,2025-10-26T01:03:09.887204
/Users/henrysze/Library/CloudStorage/OneDrive-TheHongKongPolytechnicUniversity/Y4_SEM1/FYP/Images/9999952_00000_d_0000222_blurry.jpg,0,road,high,1,1.0,1692.27,25.96,1,2025-10-26T01:03:10.006764
/Users/henrysze/Library/CloudStorage/OneDrive-TheHongKongPolytechnicUniversity/Y4_SEM1/FYP/Images/9999952_00000_d_0000223_blurry.jpg,0,"person_animal,road",high,1,1.0,2167.42,34.65,1,2025-10-26T01:03:10.128445
/Users/henrysze/Library/CloudStorage/OneDrive-TheHongKongPolytechnicUniversity/Y4_SEM1/FYP/Images/9999952_00000_d_0000224_blurry.jpg,0,road,high,1,1.0,1627.75,25.98,1,2025-10-26T01:03:10.236833
/Users/henrysze/Library/CloudStorage/OneDrive-TheHongKongPolytechnicUniversity/Y4_SEM1/FYP/Images/9999952_00000_d_0000225_blurry.jpg,0,road,high,1,1.0,1749.8,37.16,1,2025-10-26T01:03:10.358807
/Users/henrysze/Library/CloudStorage/OneDrive-TheHongKongPolytechnicUniversity/Y4_SEM1/FYP/Images/9999952_00000_d_0000226_blurry.jpg,0,road,high,1,1.0,1717.45,31.78,1,2025-10-26T01:03:10.488820
/Users/henrysze/Library/CloudStorage/OneDrive-TheHongKongPolytechnicUniversity/Y4_SEM1/FYP/Images/9999952_00000_d_0000227_blurry.jpg,0,road,high,1,1.0,2013.74,31.88,1,2025-10-26T01:03:10.612698
/Users/henrysze/Library/CloudStorage/OneDrive-TheHongKongPolytechnicUniversity/Y4_SEM1/FYP/Images/9999952_00000_d_0000228_blurry.jpg,0,"person_animal,road",high,1,1.0,1570.25,32.33,1,2025-10-26T01:03:10.729093
/Users/henrysze/Library/CloudStorage/OneDrive-TheHongKongPolytechnicUniversity/Y4_SEM1/FYP/Images/9999952_00000_d_0000229_blurry.jpg,0,road,high,1,1.0,1979.23,40.69,1,2025-10-26T01:03:10.858619
/Users/henrysze/Library/CloudStorage/OneDrive-TheHongKongPolytechnicUniversity/Y4_SEM1/FYP/Images/9999952_00000_d_0000230_blurry.jpg,0,road,high,1,1.0,1948.08,31.56,1,2025-10-26T01:03:10.994182
/Users/henrysze/Library/CloudStorage/OneDrive-TheHongKongPolytechnicUniversity/Y4_SEM1/FYP/Images/9999952_00000_d_0000231_blurry.jpg,0,"person_animal,road",high,1,1.0,2246.44,52.84,1,2025-10-26T01:03:11.127334
/Users/henrysze/Library/CloudStorage/OneDrive-TheHongKongPolytechnicUniversity/Y4_SEM1/FYP/Images/9999952_00000_d_0000232_blurry.jpg,0,road,high,1,0.95,1979.43,26.77,1,2025-10-26T01:03:11.261467
/Users/henrysze/Library/CloudStorage/OneDrive-TheHongKongPolytechnicUniversity/Y4_SEM1/FYP/Images/9999952_00000_d_0000233.jpg,0,road,high,1,1.0,1915.51,32.75,1,2025-10-26T01:03:11.389706
/Users/henrysze/Library/CloudStorage/OneDrive-TheHongKongPolytechnicUniversity/Y4_SEM1/FYP/Images/9999952_00000_d_0000234_blurry.jpg,0,"person_animal,road",high,1,1.0,2263.88,41.16,1,2025-10-26T01:03:11.526220
/Users/henrysze/Library/CloudStorage/OneDrive-TheHongKongPolytechnicUniversity/Y4_SEM1/FYP/Images/9999952_00000_d_0000235_blurry.jpg,0,"person_animal,road",high,1,1.0,1702.08,36.83,1,2025-10-26T01:03:11.650363
/Users/henrysze/Library/CloudStorage/OneDrive-TheHongKongPolytechnicUniversity/Y4_SEM1/FYP/Images/9999952_00000_d_0000236_blurry.jpg,0,road,high,1,1.0,2110.64,23.01,1,2025-10-26T01:03:11.779870
/Users/henrysze/Library/CloudStorage/OneDrive-TheHongKongPolytechnicUniversity/Y4_SEM1/FYP/Images/9999952_00000_d_0000237_blurry.jpg,0,road,high,1,0.95,1420.91,23.32,1,2025-10-26T01:03:11.902136
/Users/henrysze/Library/CloudStorage/OneDrive-TheHongKongPolytechnicUniversity/Y4_SEM1/FYP/Images/9999952_00000_d_0000238_blurry.jpg,0,"person_animal,road",high,1,1.0,2186.19,33.87,1,2025-10-26T01:03:12.034035
/Users/henrysze/Library/CloudStorage/OneDrive-TheHongKongPolytechnicUniversity/Y4_SEM1/FYP/Images/9999952_00000_d_0000239_blurry.jpg,0,road,high,1,0.95,1526.44,21.03,1,2025-10-26T01:03:12.160217
/Users/henrysze/Library/CloudStorage/OneDrive-TheHongKongPolytechnicUniversity/Y4_SEM1/FYP/Images/9999952_00000_d_0000241_blurry.jpg,0,road,high,1,0.95,1812.28,23.32,1,2025-10-26T01:03:12.387501
/Users/henrysze/Library/CloudStorage/OneDrive-TheHongKongPolytechnicUniversity/Y4_SEM1/FYP/Images/9999952_00000_d_0000242_blurry.jpg,0,road,high,1,0.95,1597.36,21.9,1,2025-10-26T01:03:12.508515
/Users/henrysze/Library/CloudStorage/OneDrive-TheHongKongPolytechnicUniversity/Y4_SEM1/FYP/Images/9999952_00000_d_0000243_blurry.jpg,0,road,high,1,1.0,1645.26,33.8,1,2025-10-26T01:03:12.624943
/Users/henrysze/Library/CloudStorage/OneDrive-TheHongKongPolytechnicUniversity/Y4_SEM1/FYP/Images/9999952_00000_d_0000244_blurry.jpg,0,"person_animal,road",high,1,0.95,1614.23,25.46,1,2025-10-26T01:03:12.754811
/Users/henrysze/Library/CloudStorage/OneDrive-TheHongKongPolytechnicUniversity/Y4_SEM1/FYP/Images/9999952_00000_d_0000245_blurry.jpg,0,"person_animal,road",high,1,1.0,2144.35,31.42,1,2025-10-26T01:03:12.882118
/Users/henrysze/Library/CloudStorage/OneDrive-TheHongKongPolytechnicUniversity/Y4_SEM1/FYP/Images/9999952_00000_d_0000246_blurry.jpg,0,"person_animal,road",high,1,0.95,1520.64,21.79,1,2025-10-26T01:03:13.010656
/Users/henrysze/Library/CloudStorage/OneDrive-TheHongKongPolytechnicUniversity/Y4_SEM1/FYP/Images/9999952_00000_d_0000247_blurry.jpg,0,road,high,1,0.95,1772.69,27.39,1,2025-10-26T01:03:13.142600
/Users/henrysze/Library/CloudStorage/OneDrive-TheHongKongPolytechnicUniversity/Y4_SEM1/FYP/Images/9999952_00000_d_0000248_blurry.jpg,0,road,high,1,1.0,2262.35,36.82,1,2025-10-26T01:03:13.280310
/Users/henrysze/Library/CloudStorage/OneDrive-TheHongKongPolytechnicUniversity/Y4_SEM1/FYP/Images/9999952_00000_d_0000249_blurry.jpg,0,road,high,1,0.95,1991.42,35.09,1,2025-10-26T01:03:13.416473
/Users/henrysze/Library/CloudStorage/OneDrive-TheHongKongPolytechnicUniversity/Y4_SEM1/FYP/Images/9999952_00000_d_0000250_blurry.jpg,0,road,high,1,0.95,1681.42,25.69,1,2025-10-26T01:03:13.548490
/Users/henrysze/Library/CloudStorage/OneDrive-TheHongKongPolytechnicUniversity/Y4_SEM1/FYP/Images/9999952_00000_d_0000251_blurry.jpg,0,"person_animal,road",high,1,1.0,2198.86,28.02,1,2025-10-26T01:03:13.678655
/Users/henrysze/Library/CloudStorage/OneDrive-TheHongKongPolytechnicUniversity/Y4_SEM1/FYP/Images/9999952_00000_d_0000252_blurry.jpg,0,road,high,1,0.95,1570.88,22.37,1,2025-10-26T01:03:13.801676
/Users/henrysze/Library/CloudStorage/OneDrive-TheHongKongPolytechnicUniversity/Y4_SEM1/FYP/Images/9999952_00000_d_0000253_blurry.jpg,0,road,high,1,0.95,1523.35,22.72,1,2025-10-26T01:03:13.927994
/Users/henrysze/Library/CloudStorage/OneDrive-TheHongKongPolytechnicUniversity/Y4_SEM1/FYP/Images/9999952_00000_d_0000254_blurry.jpg,0,road,high,1,1.0,2087.73,36.72,1,2025-10-26T01:03:14.048929
/Users/henrysze/Library/CloudStorage/OneDrive-TheHongKongPolytechnicUniversity/Y4_SEM1/FYP/Images/9999952_00000_d_0000255_blurry.jpg,0,"person_animal,road",high,1,0.95,1520.92,23.8,1,2025-10-26T01:03:14.160318
/Users/henrysze/Library/CloudStorage/OneDrive-TheHongKongPolytechnicUniversity/Y4_SEM1/FYP/Images/9999952_00000_d_0000256_blurry.jpg,0,road,high,1,1.0,2294.73,32.0,1,2025-10-26T01:03:14.283226
/Users/henrysze/Library/CloudStorage/OneDrive-TheHongKongPolytechnicUniversity/Y4_SEM1/FYP/Images/9999952_00000_d_0000257.jpg,0,road,high,1,0.95,1581.53,27.58,1,2025-10-26T01:03:14.419341
/Users/henrysze/Library/CloudStorage/OneDrive-TheHongKongPolytechnicUniversity/Y4_SEM1/FYP/Images/9999952_00000_d_0000259_blurry.jpg,0,road,high,1,1.0,2153.89,42.33,1,2025-10-26T01:03:14.678079
/Users/henrysze/Library/CloudStorage/OneDrive-TheHongKongPolytechnicUniversity/Y4_SEM1/FYP/Images/9999952_00000_d_0000260_blurry.jpg,0,road,high,1,0.95,1603.32,26.04,1,2025-10-26T01:03:14.802313
/Users/henrysze/Library/CloudStorage/OneDrive-TheHongKongPolytechnicUniversity/Y4_SEM1/FYP/Images/9999952_00000_d_0000261_blurry.jpg,0,"person_animal,road",high,1,0.95,1500.24,25.67,1,2025-10-26T01:03:14.942685
/Users/henrysze/Library/CloudStorage/OneDrive-TheHongKongPolytechnicUniversity/Y4_SEM1/FYP/Images/9999952_00000_d_0000262_blurry.jpg,0,"person_animal,road",high,1,1.0,2055.01,29.73,1,2025-10-26T01:03:15.098628
/Users/henrysze/Library/CloudStorage/OneDrive-TheHongKongPolytechnicUniversity/Y4_SEM1/FYP/Images/9999952_00000_d_0000263_blurry.jpg,0,"person_animal,road",high,1,0.95,1442.71,23.28,1,2025-10-26T01:03:15.223035
/Users/henrysze/Library/CloudStorage/OneDrive-TheHongKongPolytechnicUniversity/Y4_SEM1/FYP/Images/9999952_00000_d_0000264_blurry.jpg,0,"person_animal,road",high,1,1.0,1864.72,24.53,1,2025-10-26T01:03:15.365573
/Users/henrysze/Library/CloudStorage/OneDrive-TheHongKongPolytechnicUniversity/Y4_SEM1/FYP/Images/9999952_00000_d_0000265_blurry.jpg,0,road,high,1,1.0,1724.08,25.6,1,2025-10-26T01:03:15.510011
/Users/henrysze/Library/CloudStorage/OneDrive-TheHongKongPolytechnicUniversity/Y4_SEM1/FYP/Images/9999952_00000_d_0000266_blurry.jpg,0,road,high,1,0.9,1391.69,23.43,1,2025-10-26T01:03:15.614794
/Users/henrysze/Library/CloudStorage/OneDrive-TheHongKongPolytechnicUniversity/Y4_SEM1/FYP/Images/9999952_00000_d_0000267_blurry.jpg,0,road,high,1,0.95,1714.25,26.47,1,2025-10-26T01:03:15.760188
/Users/henrysze/Library/CloudStorage/OneDrive-TheHongKongPolytechnicUniversity/Y4_SEM1/FYP/Images/9999952_00000_d_0000268_blurry.jpg,0,road,high,1,0.95,1722.01,25.25,1,2025-10-26T01:03:15.883814
/Users/henrysze/Library/CloudStorage/OneDrive-TheHongKongPolytechnicUniversity/Y4_SEM1/FYP/Images/9999952_00000_d_0000269_blurry.jpg,0,road,high,1,1.0,1981.97,28.01,1,2025-10-26T01:03:16.010016
/Users/henrysze/Library/CloudStorage/OneDrive-TheHongKongPolytechnicUniversity/Y4_SEM1/FYP/Images/9999952_00000_d_0000270_blurry.jpg,0,road,high,1,1.0,2164.15,32.13,1,2025-10-26T01:03:16.139712
/Users/henrysze/Library/CloudStorage/OneDrive-TheHongKongPolytechnicUniversity/Y4_SEM1/FYP/Images/9999952_00000_d_0000271_blurry.jpg,0,road,high,1,1.0,1724.27,29.22,1,2025-10-26T01:03:16.276796
/Users/henrysze/Library/CloudStorage/OneDrive-TheHongKongPolytechnicUniversity/Y4_SEM1/FYP/Images/9999952_00000_d_0000272_blurry.jpg,0,road,high,1,0.95,1549.63,31.66,1,2025-10-26T01:03:16.387305
/Users/henrysze/Library/CloudStorage/OneDrive-TheHongKongPolytechnicUniversity/Y4_SEM1/FYP/Images/9999952_00000_d_0000273_blurry.jpg,0,road,high,1,1.0,1841.59,32.17,1,2025-10-26T01:03:16.538490
/Users/henrysze/Library/CloudStorage/OneDrive-TheHongKongPolytechnicUniversity/Y4_SEM1/FYP/Images/9999952_00000_d_0000274_blurry.jpg,0,"person_animal,road",high,1,1.0,1291.85,31.8,1,2025-10-26T01:03:16.682407
/Users/henrysze/Library/CloudStorage/OneDrive-TheHongKongPolytechnicUniversity/Y4_SEM1/FYP/Images/9999952_00000_d_0000275_blurry.jpg,0,road,high,1,1.0,1297.0,29.61,1,2025-10-26T01:03:16.807499
/Users/henrysze/Library/CloudStorage/OneDrive-TheHongKongPolytechnicUniversity/Y4_SEM1/FYP/Images/9999952_00000_d_0000276_blurry.jpg,0,road,high,1,1.0,2052.08,35.03,1,2025-10-26T01:03:16.932264
/Users/henrysze/Library/CloudStorage/OneDrive-TheHongKongPolytechnicUniversity/Y4_SEM1/FYP/Images/9999952_00000_d_0000277_blurry.jpg,0,road,high,1,1.0,1359.65,41.71,1,2025-10-26T01:03:17.057564
/Users/henrysze/Library/CloudStorage/OneDrive-TheHongKongPolytechnicUniversity/Y4_SEM1/FYP/Images/9999952_00000_d_0000278_blurry.jpg,0,"person_animal,road",high,1,1.0,1027.7,31.36,1,2025-10-26T01:03:17.178367
/Users/henrysze/Library/CloudStorage/OneDrive-TheHongKongPolytechnicUniversity/Y4_SEM1/FYP/Images/9999952_00000_d_0000279_blurry.jpg,0,road,high,1,1.0,2094.91,36.68,1,2025-10-26T01:03:17.315501
/Users/henrysze/Library/CloudStorage/OneDrive-TheHongKongPolytechnicUniversity/Y4_SEM1/FYP/Images/9999952_00000_d_0000280_blurry.jpg,0,road,high,1,1.0,1387.15,43.17,1,2025-10-26T01:03:17.439980
/Users/henrysze/Library/CloudStorage/OneDrive-TheHongKongPolytechnicUniversity/Y4_SEM1/FYP/Images/9999952_00000_d_0000281_blurry.jpg,0,"person_animal,road",high,1,1.0,2087.06,38.82,1,2025-10-26T01:03:17.581953
/Users/henrysze/Library/CloudStorage/OneDrive-TheHongKongPolytechnicUniversity/Y4_SEM1/FYP/Images/9999952_00000_d_0000282_blurry.jpg,0,road,high,1,1.0,1736.22,28.37,1,2025-10-26T01:03:17.705809
/Users/henrysze/Library/CloudStorage/OneDrive-TheHongKongPolytechnicUniversity/Y4_SEM1/FYP/Images/9999952_00000_d_0000283_blurry.jpg,0,"person_animal,road",high,1,1.0,2180.53,58.82,1,2025-10-26T01:03:17.843564
/Users/henrysze/Library/CloudStorage/OneDrive-TheHongKongPolytechnicUniversity/Y4_SEM1/FYP/Images/9999952_00000_d_0000284_blurry.jpg,0,road,high,1,1.0,1529.84,29.15,1,2025-10-26T01:03:17.977962
/Users/henrysze/Library/CloudStorage/OneDrive-TheHongKongPolytechnicUniversity/Y4_SEM1/FYP/Images/9999952_00000_d_0000285_blurry.jpg,0,road,high,1,1.0,1633.41,30.16,1,2025-10-26T01:03:18.112052
/Users/henrysze/Library/CloudStorage/OneDrive-TheHongKongPolytechnicUniversity/Y4_SEM1/FYP/Images/9999952_00000_d_0000286_blurry.jpg,0,road,high,1,1.0,1482.89,30.14,1,2025-10-26T01:03:18.228797
/Users/henrysze/Library/CloudStorage/OneDrive-TheHongKongPolytechnicUniversity/Y4_SEM1/FYP/Images/9999952_00000_d_0000287_blurry.jpg,0,"person_animal,road",high,1,1.0,1519.08,33.42,1,2025-10-26T01:03:18.357695
/Users/henrysze/Library/CloudStorage/OneDrive-TheHongKongPolytechnicUniversity/Y4_SEM1/FYP/Images/9999952_00000_d_0000288_blurry.jpg,0,road,high,1,1.0,1539.85,25.66,1,2025-10-26T01:03:18.517697
/Users/henrysze/Library/CloudStorage/OneDrive-TheHongKongPolytechnicUniversity/Y4_SEM1/FYP/Images/9999952_00000_d_0000289_blurry.jpg,0,"person_animal,road",high,1,1.0,1502.72,24.63,1,2025-10-26T01:03:18.642322
/Users/henrysze/Library/CloudStorage/OneDrive-TheHongKongPolytechnicUniversity/Y4_SEM1/FYP/Images/9999952_00000_d_0000290_blurry.jpg,0,"person_animal,road",high,1,1.0,1770.12,41.75,1,2025-10-26T01:03:18.770409
/Users/henrysze/Library/CloudStorage/OneDrive-TheHongKongPolytechnicUniversity/Y4_SEM1/FYP/Images/9999952_00000_d_0000291.jpg,0,road,high,1,1.0,2272.91,50.67,1,2025-10-26T01:03:18.907385
/Users/henrysze/Library/CloudStorage/OneDrive-TheHongKongPolytechnicUniversity/Y4_SEM1/FYP/Images/9999952_00000_d_0000292_blurry.jpg,0,road,high,1,1.0,1644.46,32.64,1,2025-10-26T01:03:19.035316
/Users/henrysze/Library/CloudStorage/OneDrive-TheHongKongPolytechnicUniversity/Y4_SEM1/FYP/Images/9999952_00000_d_0000293_blurry.jpg,0,"person_animal,road",high,1,1.0,1772.9,37.62,1,2025-10-26T01:03:19.173185
/Users/henrysze/Library/CloudStorage/OneDrive-TheHongKongPolytechnicUniversity/Y4_SEM1/FYP/Images/9999952_00000_d_0000294_blurry.jpg,0,road,high,1,1.0,1648.47,31.71,1,2025-10-26T01:03:19.296504
/Users/henrysze/Library/CloudStorage/OneDrive-TheHongKongPolytechnicUniversity/Y4_SEM1/FYP/Images/9999952_00000_d_0000295_blurry.jpg,0,"person_animal,road",high,1,1.0,1633.48,36.31,1,2025-10-26T01:03:19.421372
/Users/henrysze/Library/CloudStorage/OneDrive-TheHongKongPolytechnicUniversity/Y4_SEM1/FYP/Images/9999952_00000_d_0000296_blurry.jpg,0,"person_animal,road",high,1,1.0,1786.09,47.33,1,2025-10-26T01:03:19.546807
/Users/henrysze/Library/CloudStorage/OneDrive-TheHongKongPolytechnicUniversity/Y4_SEM1/FYP/Images/9999952_00000_d_0000297_blurry.jpg,0,"person_animal,road",high,1,1.0,1840.99,51.58,1,2025-10-26T01:03:19.689468
/Users/henrysze/Library/CloudStorage/OneDrive-TheHongKongPolytechnicUniversity/Y4_SEM1/FYP/Images/9999952_00000_d_0000298_blurry.jpg,0,"person_animal,road",high,1,1.0,1624.61,38.98,1,2025-10-26T01:03:19.839842
/Users/henrysze/Library/CloudStorage/OneDrive-TheHongKongPolytechnicUniversity/Y4_SEM1/FYP/Images/9999952_00000_d_0000299_blurry.jpg,0,road,high,1,1.0,1553.93,34.76,1,2025-10-26T01:03:19.970191
/Users/henrysze/Library/CloudStorage/OneDrive-TheHongKongPolytechnicUniversity/Y4_SEM1/FYP/Images/9999952_00000_d_0000300_blurry.jpg,0,person_animal,high,1,1.0,1454.88,27.99,1,2025-10-26T01:03:20.088206
/Users/henrysze/Library/CloudStorage/OneDrive-TheHongKongPolytechnicUniversity/Y4_SEM1/FYP/Images/9999952_00000_d_0000301_blurry.jpg,0,road,high,1,1.0,1666.34,28.49,1,2025-10-26T01:03:20.207667
/Users/henrysze/Library/CloudStorage/OneDrive-TheHongKongPolytechnicUniversity/Y4_SEM1/FYP/Images/9999952_00000_d_0000302_blurry.jpg,0,"person_animal,road",high,1,1.0,1481.01,25.98,1,2025-10-26T01:03:20.325901
/Users/henrysze/Library/CloudStorage/OneDrive-TheHongKongPolytechnicUniversity/Y4_SEM1/FYP/Images/9999952_00000_d_0000303_blurry.jpg,0,"person_animal,road",high,1,1.0,1664.51,36.83,1,2025-10-26T01:03:20.448175
/Users/henrysze/Library/CloudStorage/OneDrive-TheHongKongPolytechnicUniversity/Y4_SEM1/FYP/Images/9999952_00000_d_0000304_blurry.jpg,0,"person_animal,road",high,1,1.0,1648.82,36.18,1,2025-10-26T01:03:20.579974
/Users/henrysze/Library/CloudStorage/OneDrive-TheHongKongPolytechnicUniversity/Y4_SEM1/FYP/Images/9999952_00000_d_0000305_blurry.jpg,0,"person_animal,road",high,1,0.95,1282.34,26.58,1,2025-10-26T01:03:20.705555
/Users/henrysze/Library/CloudStorage/OneDrive-TheHongKongPolytechnicUniversity/Y4_SEM1/FYP/Images/9999952_00000_d_0000306_blurry.jpg,0,road,high,1,0.95,1180.11,21.68,1,2025-10-26T01:03:20.830850
/Users/henrysze/Library/CloudStorage/OneDrive-TheHongKongPolytechnicUniversity/Y4_SEM1/FYP/Images/9999952_00000_d_0000307_blurry.jpg,0,road,high,1,1.0,1413.56,29.77,1,2025-10-26T01:03:20.959301
/Users/henrysze/Library/CloudStorage/OneDrive-TheHongKongPolytechnicUniversity/Y4_SEM1/FYP/Images/9999952_00000_d_0000308_blurry.jpg,0,"person_animal,road",high,1,1.0,1533.91,35.49,1,2025-10-26T01:03:21.098449
/Users/henrysze/Library/CloudStorage/OneDrive-TheHongKongPolytechnicUniversity/Y4_SEM1/FYP/Images/9999952_00000_d_0000309.jpg,0,road,high,1,1.0,1417.98,33.53,1,2025-10-26T01:03:21.238524
/Users/henrysze/Library/CloudStorage/OneDrive-TheHongKongPolytechnicUniversity/Y4_SEM1/FYP/Images/9999952_00000_d_0000310_blurry.jpg,0,road,high,1,1.0,1412.36,31.08,1,2025-10-26T01:03:21.356948
/Users/henrysze/Library/CloudStorage/OneDrive-TheHongKongPolytechnicUniversity/Y4_SEM1/FYP/Images/9999952_00000_d_0000311_blurry.jpg,0,road,high,1,1.0,1564.91,42.16,1,2025-10-26T01:03:21.481607
/Users/henrysze/Library/CloudStorage/OneDrive-TheHongKongPolytechnicUniversity/Y4_SEM1/FYP/Images/9999952_00000_d_0000312.jpg,0,road,high,1,1.0,1436.82,39.32,1,2025-10-26T01:03:21.625358
/Users/henrysze/Library/CloudStorage/OneDrive-TheHongKongPolytechnicUniversity/Y4_SEM1/FYP/Images/9999952_00000_d_0000313_blurry.jpg,0,road,high,0,1.0,1925.3,59.31,1,2025-10-26T01:03:21.762827
/Users/henrysze/Library/CloudStorage/OneDrive-TheHongKongPolytechnicUniversity/Y4_SEM1/FYP/Images/9999952_00000_d_0000314_blurry.jpg,0,road,high,1,1.0,1690.9,39.87,1,2025-10-26T01:03:21.896637
/Users/henrysze/Library/CloudStorage/OneDrive-TheHongKongPolytechnicUniversity/Y4_SEM1/FYP/Images/9999952_00000_d_0000315.jpg,0,road,high,0,1.0,1709.37,55.02,1,2025-10-26T01:03:22.020158
/Users/henrysze/Library/CloudStorage/OneDrive-TheHongKongPolytechnicUniversity/Y4_SEM1/FYP/Images/9999952_00000_d_0000316_blurry.jpg,0,road,high,1,1.0,1556.44,35.5,1,2025-10-26T01:03:22.139858
/Users/henrysze/Library/CloudStorage/OneDrive-TheHongKongPolytechnicUniversity/Y4_SEM1/FYP/Images/9999952_00000_d_0000317_blurry.jpg,0,road,high,1,1.0,1719.73,49.17,1,2025-10-26T01:03:22.270576
/Users/henrysze/Library/CloudStorage/OneDrive-TheHongKongPolytechnicUniversity/Y4_SEM1/FYP/Images/9999952_00000_d_0000319_blurry.jpg,0,road,high,1,0.95,1758.63,22.61,1,2025-10-26T01:03:22.494114
/Users/henrysze/Library/CloudStorage/OneDrive-TheHongKongPolytechnicUniversity/Y4_SEM1/FYP/Images/9999952_00000_d_0000322.jpg,0,road,high,1,1.0,2210.08,51.39,1,2025-10-26T01:03:22.854811
/Users/henrysze/Library/CloudStorage/OneDrive-TheHongKongPolytechnicUniversity/Y4_SEM1/FYP/Images/9999952_00000_d_0000325.jpg,0,road,high,1,1.0,1827.94,50.21,1,2025-10-26T01:03:23.182881
/Users/henrysze/Library/CloudStorage/OneDrive-TheHongKongPolytechnicUniversity/Y4_SEM1/FYP/Images/9999952_00000_d_0000327.jpg,0,road,high,1,1.0,2357.81,43.03,1,2025-10-26T01:03:23.450938
/Users/henrysze/Library/CloudStorage/OneDrive-TheHongKongPolytechnicUniversity/Y4_SEM1/FYP/Images/9999952_00000_d_0000328_blurry.jpg,0,"person_animal,road",high,1,1.0,2365.28,37.4,1,2025-10-26T01:03:23.591786
/Users/henrysze/Library/CloudStorage/OneDrive-TheHongKongPolytechnicUniversity/Y4_SEM1/FYP/Images/9999952_00000_d_0000329_blurry.jpg,0,"person_animal,road",high,1,1.0,2165.69,38.58,1,2025-10-26T01:03:23.736628
/Users/henrysze/Library/CloudStorage/OneDrive-TheHongKongPolytechnicUniversity/Y4_SEM1/FYP/Images/9999952_00000_d_0000330_blurry.jpg,0,"person_animal,road",high,1,1.0,1967.26,36.93,1,2025-10-26T01:03:23.870022
/Users/henrysze/Library/CloudStorage/OneDrive-TheHongKongPolytechnicUniversity/Y4_SEM1/FYP/Images/9999952_00000_d_0000331.jpg,0,road,high,1,1.0,1913.78,52.92,1,2025-10-26T01:03:24.018712
/Users/henrysze/Library/CloudStorage/OneDrive-TheHongKongPolytechnicUniversity/Y4_SEM1/FYP/Images/9999952_00000_d_0000332.jpg,0,road,high,0,1.0,2700.73,72.57,1,2025-10-26T01:03:24.149441
/Users/henrysze/Library/CloudStorage/OneDrive-TheHongKongPolytechnicUniversity/Y4_SEM1/FYP/Images/9999952_00000_d_0000333_blurry.jpg,0,road,high,1,1.0,2376.99,55.98,1,2025-10-26T01:03:24.284338
/Users/henrysze/Library/CloudStorage/OneDrive-TheHongKongPolytechnicUniversity/Y4_SEM1/FYP/Images/9999952_00000_d_0000334_blurry.jpg,0,road,high,1,1.0,2146.64,48.09,1,2025-10-26T01:03:24.413583
/Users/henrysze/Library/CloudStorage/OneDrive-TheHongKongPolytechnicUniversity/Y4_SEM1/FYP/Images/9999952_00000_d_0000335_blurry.jpg,0,road,high,1,0.95,1949.44,24.96,1,2025-10-26T01:03:24.557270
/Users/henrysze/Library/CloudStorage/OneDrive-TheHongKongPolytechnicUniversity/Y4_SEM1/FYP/Images/9999952_00000_d_0000336_blurry.jpg,0,road,high,1,0.95,1784.88,21.41,1,2025-10-26T01:03:24.670110
/Users/henrysze/Library/CloudStorage/OneDrive-TheHongKongPolytechnicUniversity/Y4_SEM1/FYP/Images/9999952_00000_d_0000337_blurry.jpg,0,"person_animal,road",high,1,1.0,1907.35,33.79,1,2025-10-26T01:03:24.802292
/Users/henrysze/Library/CloudStorage/OneDrive-TheHongKongPolytechnicUniversity/Y4_SEM1/FYP/Images/9999952_00000_d_0000338_blurry.jpg,0,road,high,1,0.95,1701.04,26.99,1,2025-10-26T01:03:24.925065
/Users/henrysze/Library/CloudStorage/OneDrive-TheHongKongPolytechnicUniversity/Y4_SEM1/FYP/Images/9999952_00000_d_0000339_blurry.jpg,0,"person_animal,road",high,1,1.0,2284.8,52.71,1,2025-10-26T01:03:25.085383
/Users/henrysze/Library/CloudStorage/OneDrive-TheHongKongPolytechnicUniversity/Y4_SEM1/FYP/Images/9999952_00000_d_0000340_blurry.jpg,0,road,high,1,1.0,2576.31,53.55,1,2025-10-26T01:03:25.250969
/Users/henrysze/Library/CloudStorage/OneDrive-TheHongKongPolytechnicUniversity/Y4_SEM1/FYP/Images/9999952_00000_d_0000342_blurry.jpg,0,road,high,1,0.95,1798.64,21.56,1,2025-10-26T01:03:25.499681
/Users/henrysze/Library/CloudStorage/OneDrive-TheHongKongPolytechnicUniversity/Y4_SEM1/FYP/Images/9999952_00000_d_0000343_blurry.jpg,0,road,high,1,0.95,1916.22,21.95,1,2025-10-26T01:03:25.642112
/Users/henrysze/Library/CloudStorage/OneDrive-TheHongKongPolytechnicUniversity/Y4_SEM1/FYP/Images/9999952_00000_d_0000344_blurry.jpg,0,road,high,1,1.0,2378.32,49.55,1,2025-10-26T01:03:25.776114
/Users/henrysze/Library/CloudStorage/OneDrive-TheHongKongPolytechnicUniversity/Y4_SEM1/FYP/Images/9999952_00000_d_0000345.jpg,0,"person_animal,road",high,1,1.0,2178.52,52.65,1,2025-10-26T01:03:25.913641
/Users/henrysze/Library/CloudStorage/OneDrive-TheHongKongPolytechnicUniversity/Y4_SEM1/FYP/Images/9999963_00000_d_0000001.jpg,0,road,high,0,1.0,1867.8,68.91,1,2025-10-26T01:03:26.052587
/Users/henrysze/Library/CloudStorage/OneDrive-TheHongKongPolytechnicUniversity/Y4_SEM1/FYP/Images/9999963_00000_d_0000002.jpg,0,road,high,0,1.0,1683.36,68.91,1,2025-10-26T01:03:26.178551
/Users/henrysze/Library/CloudStorage/OneDrive-TheHongKongPolytechnicUniversity/Y4_SEM1/FYP/Images/9999963_00000_d_0000009_blurry.jpg,0,"person_animal,road",high,0,1.0,1884.43,192.51,1,2025-10-26T01:03:26.857637
/Users/henrysze/Library/CloudStorage/OneDrive-TheHongKongPolytechnicUniversity/Y4_SEM1/FYP/Images/9999963_00000_d_0000015_blurry.jpg,0,"person_animal,road",high,0,1.0,1803.77,188.06,1,2025-10-26T01:03:27.458283
/Users/henrysze/Library/CloudStorage/OneDrive-TheHongKongPolytechnicUniversity/Y4_SEM1/FYP/Images/9999963_00000_d_0000017_blurry.jpg,0,"person_animal,road",high,0,1.0,1982.76,160.49,1,2025-10-26T01:03:27.694758
/Users/henrysze/Library/CloudStorage/OneDrive-TheHongKongPolytechnicUniversity/Y4_SEM1/FYP/Images/9999963_00000_d_0000019_blurry.jpg,0,"person_animal,road",high,0,1.0,1715.96,169.34,1,2025-10-26T01:03:27.923915
/Users/henrysze/Library/CloudStorage/OneDrive-TheHongKongPolytechnicUniversity/Y4_SEM1/FYP/Images/9999963_00000_d_0000032_blurry.jpg,0,"person_animal,road",high,0,1.0,1581.2,60.73,1,2025-10-26T01:03:29.125568
/Users/henrysze/Library/CloudStorage/OneDrive-TheHongKongPolytechnicUniversity/Y4_SEM1/FYP/Images/9999963_00000_d_0000034_blurry.jpg,0,"person_animal,road",high,0,1.0,1812.09,71.67,1,2025-10-26T01:03:29.339847
/Users/henrysze/Library/CloudStorage/OneDrive-TheHongKongPolytechnicUniversity/Y4_SEM1/FYP/Images/9999963_00000_d_0000035_blurry.jpg,0,"person_animal,road",high,1,1.0,1801.81,54.4,1,2025-10-26T01:03:29.469183
/Users/henrysze/Library/CloudStorage/OneDrive-TheHongKongPolytechnicUniversity/Y4_SEM1/FYP/Images/9999963_00000_d_0000042_blurry.jpg,0,"person_animal,road",high,0,1.0,1925.91,59.63,1,2025-10-26T01:03:30.161595
/Users/henrysze/Library/CloudStorage/OneDrive-TheHongKongPolytechnicUniversity/Y4_SEM1/FYP/Images/9999963_00000_d_0000043_blurry.jpg,0,"person_animal,road",high,0,1.0,1842.36,85.49,1,2025-10-26T01:03:30.290033
/Users/henrysze/Library/CloudStorage/OneDrive-TheHongKongPolytechnicUniversity/Y4_SEM1/FYP/Images/9999963_00000_d_0000046.jpg,0,"person_animal,road",high,0,1.0,1785.15,58.26,1,2025-10-26T01:03:30.604476
/Users/henrysze/Library/CloudStorage/OneDrive-TheHongKongPolytechnicUniversity/Y4_SEM1/FYP/Images/9999963_00000_d_0000047.jpg,0,road,high,1,0.95,1601.73,29.37,1,2025-10-26T01:03:30.722350
/Users/henrysze/Library/CloudStorage/OneDrive-TheHongKongPolytechnicUniversity/Y4_SEM1/FYP/Images/9999963_00000_d_0000049_blurry.jpg,0,"person_animal,road",high,1,1.0,1630.51,35.98,1,2025-10-26T01:03:30.938020
/Users/henrysze/Library/CloudStorage/OneDrive-TheHongKongPolytechnicUniversity/Y4_SEM1/FYP/Images/9999963_00000_d_0000050_blurry.jpg,0,road,high,1,0.95,1505.79,26.96,1,2025-10-26T01:03:31.060140
/Users/henrysze/Library/CloudStorage/OneDrive-TheHongKongPolytechnicUniversity/Y4_SEM1/FYP/Images/9999963_00000_d_0000051.jpg,0,"person_animal,road",high,1,1.0,1739.12,41.37,1,2025-10-26T01:03:31.193511
/Users/henrysze/Library/CloudStorage/OneDrive-TheHongKongPolytechnicUniversity/Y4_SEM1/FYP/Images/9999963_00000_d_0000052_blurry.jpg,0,"person_animal,road",high,0,1.0,1996.4,55.0,1,2025-10-26T01:03:31.332880
/Users/henrysze/Library/CloudStorage/OneDrive-TheHongKongPolytechnicUniversity/Y4_SEM1/FYP/Images/9999963_00000_d_0000061_blurry.jpg,0,"person_animal,road",high,0,1.0,1632.96,51.81,1,2025-10-26T01:03:32.182720
/Users/henrysze/Library/CloudStorage/OneDrive-TheHongKongPolytechnicUniversity/Y4_SEM1/FYP/Images/9999963_00000_d_0000062_blurry.jpg,0,road,high,0,1.0,1677.05,58.01,1,2025-10-26T01:03:32.309496
/Users/henrysze/Library/CloudStorage/OneDrive-TheHongKongPolytechnicUniversity/Y4_SEM1/FYP/Images/9999963_00000_d_0000063_blurry.jpg,0,road,high,0,1.0,1651.29,72.53,1,2025-10-26T01:03:32.438059
/Users/henrysze/Library/CloudStorage/OneDrive-TheHongKongPolytechnicUniversity/Y4_SEM1/FYP/Images/9999963_00000_d_0000064_blurry.jpg,0,"person_animal,road",high,0,1.0,1557.76,58.71,1,2025-10-26T01:03:32.565485
/Users/henrysze/Library/CloudStorage/OneDrive-TheHongKongPolytechnicUniversity/Y4_SEM1/FYP/Images/9999963_00000_d_0000065_blurry.jpg,0,"person_animal,road",high,0,1.0,1525.23,53.7,1,2025-10-26T01:03:32.687685
/Users/henrysze/Library/CloudStorage/OneDrive-TheHongKongPolytechnicUniversity/Y4_SEM1/FYP/Images/9999963_00000_d_0000066_blurry.jpg,0,road,high,0,1.0,1548.81,65.5,1,2025-10-26T01:03:32.816403
/Users/henrysze/Library/CloudStorage/OneDrive-TheHongKongPolytechnicUniversity/Y4_SEM1/FYP/Images/9999963_00000_d_0000067_blurry.jpg,0,road,high,0,1.0,1490.72,57.61,1,2025-10-26T01:03:32.936142
/Users/henrysze/Library/CloudStorage/OneDrive-TheHongKongPolytechnicUniversity/Y4_SEM1/FYP/Images/9999963_00000_d_0000068_blurry.jpg,0,road,high,0,1.0,1666.34,74.34,1,2025-10-26T01:03:33.064086
/Users/henrysze/Library/CloudStorage/OneDrive-TheHongKongPolytechnicUniversity/Y4_SEM1/FYP/Images/9999963_00000_d_0000069_blurry.jpg,0,"person_animal,road",high,0,1.0,1637.99,59.89,1,2025-10-26T01:03:33.186538
/Users/henrysze/Library/CloudStorage/OneDrive-TheHongKongPolytechnicUniversity/Y4_SEM1/FYP/Images/9999963_00000_d_0000070_blurry.jpg,0,"person_animal,road",high,1,1.0,1496.51,62.22,1,2025-10-26T01:03:33.310702
/Users/henrysze/Library/CloudStorage/OneDrive-TheHongKongPolytechnicUniversity/Y4_SEM1/FYP/Images/9999963_00000_d_0000071_blurry.jpg,0,"person_animal,road",high,0,1.0,1579.28,86.39,1,2025-10-26T01:03:33.434893
/Users/henrysze/Library/CloudStorage/OneDrive-TheHongKongPolytechnicUniversity/Y4_SEM1/FYP/Images/9999963_00000_d_0000072_blurry.jpg,0,"person_animal,road",high,1,0.95,1394.59,43.69,1,2025-10-26T01:03:33.554030
/Users/henrysze/Library/CloudStorage/OneDrive-TheHongKongPolytechnicUniversity/Y4_SEM1/FYP/Images/9999963_00000_d_0000073_blurry.jpg,0,road,high,1,1.0,1608.8,39.01,1,2025-10-26T01:03:33.679947
/Users/henrysze/Library/CloudStorage/OneDrive-TheHongKongPolytechnicUniversity/Y4_SEM1/FYP/Images/9999963_00000_d_0000076_blurry.jpg,0,"person_animal,road",high,0,1.0,1685.45,70.08,1,2025-10-26T01:03:33.990434
/Users/henrysze/Library/CloudStorage/OneDrive-TheHongKongPolytechnicUniversity/Y4_SEM1/FYP/Images/9999973_00000_d_0000003.jpg,0,"person_animal,road",high,0,1.0,2011.09,219.66,1,2025-10-26T01:03:34.719715
/Users/henrysze/Library/CloudStorage/OneDrive-TheHongKongPolytechnicUniversity/Y4_SEM1/FYP/Images/9999973_00000_d_0000005.jpg,0,"person_animal,road",high,0,1.0,2061.1,214.35,1,2025-10-26T01:03:35.179333
/Users/henrysze/Library/CloudStorage/OneDrive-TheHongKongPolytechnicUniversity/Y4_SEM1/FYP/Images/9999976_00000_d_0000010.jpg,0,"person_animal,road",high,1,1.0,1949.98,48.01,1,2025-10-26T01:04:01.736708
/Users/henrysze/Library/CloudStorage/OneDrive-TheHongKongPolytechnicUniversity/Y4_SEM1/FYP/Images/9999976_00000_d_0000011.jpg,0,road,high,0,1.0,2124.13,99.31,1,2025-10-26T01:04:01.875652
/Users/henrysze/Library/CloudStorage/OneDrive-TheHongKongPolytechnicUniversity/Y4_SEM1/FYP/Images/9999976_00000_d_0000023.jpg,0,"person_animal,road",high,1,1.0,2042.19,59.7,1,2025-10-26T01:04:03.121923
/Users/henrysze/Library/CloudStorage/OneDrive-TheHongKongPolytechnicUniversity/Y4_SEM1/FYP/Images/9999976_00000_d_0000024.jpg,0,"person_animal,road,vegetation",high,0,1.0,2039.75,73.65,1,2025-10-26T01:04:03.259115
/Users/henrysze/Library/CloudStorage/OneDrive-TheHongKongPolytechnicUniversity/Y4_SEM1/FYP/Images/9999976_00000_d_0000026.jpg,0,road,high,0,1.0,2025.54,65.8,1,2025-10-26T01:04:03.502577
/Users/henrysze/Library/CloudStorage/OneDrive-TheHongKongPolytechnicUniversity/Y4_SEM1/FYP/Images/9999976_00000_d_0000027.jpg,0,"person_animal,road",high,1,1.0,1678.67,35.19,1,2025-10-26T01:04:03.630858
/Users/henrysze/Library/CloudStorage/OneDrive-TheHongKongPolytechnicUniversity/Y4_SEM1/FYP/Images/9999976_00000_d_0000032.jpg,0,road,high,0,1.0,1901.28,78.1,1,2025-10-26T01:04:04.212870
/Users/henrysze/Library/CloudStorage/OneDrive-TheHongKongPolytechnicUniversity/Y4_SEM1/FYP/Images/9999979_00000_d_0000001.jpg,0,road,high,0,1.0,1423.25,108.97,1,2025-10-26T01:04:04.516835
/Users/henrysze/Library/CloudStorage/OneDrive-TheHongKongPolytechnicUniversity/Y4_SEM1/FYP/Images/9999979_00000_d_0000002.jpg,0,road,high,0,1.0,1587.85,127.1,1,2025-10-26T01:04:04.644396
/Users/henrysze/Library/CloudStorage/OneDrive-TheHongKongPolytechnicUniversity/Y4_SEM1/FYP/Images/9999979_00000_d_0000003.jpg,0,road,high,0,1.0,1561.97,115.65,1,2025-10-26T01:04:04.770591
/Users/henrysze/Library/CloudStorage/OneDrive-TheHongKongPolytechnicUniversity/Y4_SEM1/FYP/Images/9999979_00000_d_0000004.jpg,0,road,high,0,1.0,1558.25,157.23,1,2025-10-26T01:04:04.901171
/Users/henrysze/Library/CloudStorage/OneDrive-TheHongKongPolytechnicUniversity/Y4_SEM1/FYP/Images/9999979_00000_d_0000005.jpg,0,road,high,0,1.0,1544.2,151.65,1,2025-10-26T01:04:05.042969
/Users/henrysze/Library/CloudStorage/OneDrive-TheHongKongPolytechnicUniversity/Y4_SEM1/FYP/Images/9999979_00000_d_0000019.jpg,0,"person_animal,road",high,0,1.0,1644.22,74.6,1,2025-10-26T01:04:06.332417
/Users/henrysze/Library/CloudStorage/OneDrive-TheHongKongPolytechnicUniversity/Y4_SEM1/FYP/Images/9999979_00000_d_0000021.jpg,0,"person_animal,road",high,0,1.0,1878.69,68.96,1,2025-10-26T01:04:06.569029
/Users/henrysze/Library/CloudStorage/OneDrive-TheHongKongPolytechnicUniversity/Y4_SEM1/FYP/Images/9999979_00000_d_0000022.jpg,0,"person_animal,road",high,1,1.0,1547.04,49.28,1,2025-10-26T01:04:06.693951
/Users/henrysze/Library/CloudStorage/OneDrive-TheHongKongPolytechnicUniversity/Y4_SEM1/FYP/Images/9999979_00000_d_0000023.jpg,0,"person_animal,road",high,0,1.0,2153.1,79.99,1,2025-10-26T01:04:06.834874
/Users/henrysze/Library/CloudStorage/OneDrive-TheHongKongPolytechnicUniversity/Y4_SEM1/FYP/Images/9999979_00000_d_0000025.jpg,0,"person_animal,road",high,1,1.0,1741.93,62.4,1,2025-10-26T01:04:07.055342
/Users/henrysze/Library/CloudStorage/OneDrive-TheHongKongPolytechnicUniversity/Y4_SEM1/FYP/Images/9999979_00000_d_0000026.jpg,0,"person_animal,road",high,0,1.0,1801.76,72.45,1,2025-10-26T01:04:07.193236
/Users/henrysze/Library/CloudStorage/OneDrive-TheHongKongPolytechnicUniversity/Y4_SEM1/FYP/Images/9999979_00000_d_0000027.jpg,0,"person_animal,road",high,1,1.0,1628.15,56.64,1,2025-10-26T01:04:07.326337
/Users/henrysze/Library/CloudStorage/OneDrive-TheHongKongPolytechnicUniversity/Y4_SEM1/FYP/Images/9999979_00000_d_0000028.jpg,0,"person_animal,road",high,1,1.0,1747.32,50.21,1,2025-10-26T01:04:07.465736
/Users/henrysze/Library/CloudStorage/OneDrive-TheHongKongPolytechnicUniversity/Y4_SEM1/FYP/Images/9999979_00000_d_0000029.jpg,0,"person_animal,road",high,0,1.0,1877.96,83.94,1,2025-10-26T01:04:07.611421
/Users/henrysze/Library/CloudStorage/OneDrive-TheHongKongPolytechnicUniversity/Y4_SEM1/FYP/Images/9999979_00000_d_0000032.jpg,0,road,high,1,1.0,1727.95,40.54,1,2025-10-26T01:04:07.921090
/Users/henrysze/Library/CloudStorage/OneDrive-TheHongKongPolytechnicUniversity/Y4_SEM1/FYP/Images/9999979_00000_d_0000048.jpg,0,"person_animal,road",high,0,1.0,2490.57,193.57,1,2025-10-26T01:04:09.451717
/Users/henrysze/Library/CloudStorage/OneDrive-TheHongKongPolytechnicUniversity/Y4_SEM1/FYP/Images/9999979_00000_d_0000053.jpg,0,"person_animal,road",high,0,1.0,1618.2,98.13,1,2025-10-26T01:04:09.948754
/Users/henrysze/Library/CloudStorage/OneDrive-TheHongKongPolytechnicUniversity/Y4_SEM1/FYP/Images/9999980_00000_d_0000003.jpg,0,road,high,0,1.0,2176.82,157.65,1,2025-10-26T01:04:10.279125
/Users/henrysze/Library/CloudStorage/OneDrive-TheHongKongPolytechnicUniversity/Y4_SEM1/FYP/Images/9999986_00000_d_0000016.jpg,0,"person_animal,road",high,0,1.0,1917.3,116.5,1,2025-10-26T01:04:11.953517
/Users/henrysze/Library/CloudStorage/OneDrive-TheHongKongPolytechnicUniversity/Y4_SEM1/FYP/Images/9999986_00000_d_0000027.jpg,0,road,high,0,1.0,1709.42,115.84,1,2025-10-26T01:04:12.969446
/Users/henrysze/Library/CloudStorage/OneDrive-TheHongKongPolytechnicUniversity/Y4_SEM1/FYP/Images/9999986_00000_d_0000045.jpg,0,road,high,0,1.0,1834.12,99.06,1,2025-10-26T01:04:14.637596
/Users/henrysze/Library/CloudStorage/OneDrive-TheHongKongPolytechnicUniversity/Y4_SEM1/FYP/Images/9999986_00000_d_0000049.jpg,0,"person_animal,road",high,0,1.0,1552.78,98.84,1,2025-10-26T01:04:15.038760
/Users/henrysze/Library/CloudStorage/OneDrive-TheHongKongPolytechnicUniversity/Y4_SEM1/FYP/Images/9999986_00000_d_0000050.jpg,0,"person_animal,road",high,0,1.0,1712.59,104.13,1,2025-10-26T01:04:15.177232
/Users/henrysze/Library/CloudStorage/OneDrive-TheHongKongPolytechnicUniversity/Y4_SEM1/FYP/Images/9999986_00000_d_0000051.jpg,0,"person_animal,road",high,0,1.0,1506.2,85.91,1,2025-10-26T01:04:15.303613
/Users/henrysze/Library/CloudStorage/OneDrive-TheHongKongPolytechnicUniversity/Y4_SEM1/FYP/Images/9999986_00000_d_0000053.jpg,0,road,high,0,1.0,1386.85,78.98,1,2025-10-26T01:04:15.515858
/Users/henrysze/Library/CloudStorage/OneDrive-TheHongKongPolytechnicUniversity/Y4_SEM1/FYP/Images/9999996_00000_d_0000001.jpg,0,road,high,0,1.0,1541.77,98.36,1,2025-10-26T01:04:18.232385
/Users/henrysze/Library/CloudStorage/OneDrive-TheHongKongPolytechnicUniversity/Y4_SEM1/FYP/Images/9999996_00000_d_0000002.jpg,0,road,high,0,1.0,1223.35,92.59,1,2025-10-26T01:04:18.347391
/Users/henrysze/Library/CloudStorage/OneDrive-TheHongKongPolytechnicUniversity/Y4_SEM1/FYP/Images/9999996_00000_d_0000003.jpg,0,"person_animal,road",high,0,1.0,1280.62,95.33,1,2025-10-26T01:04:18.464671
/Users/henrysze/Library/CloudStorage/OneDrive-TheHongKongPolytechnicUniversity/Y4_SEM1/FYP/Images/9999996_00000_d_0000004.jpg,0,road,high,0,1.0,1383.97,94.58,1,2025-10-26T01:04:18.583213
/Users/henrysze/Library/CloudStorage/OneDrive-TheHongKongPolytechnicUniversity/Y4_SEM1/FYP/Images/9999996_00000_d_0000005.jpg,0,road,high,0,1.0,1599.39,98.93,1,2025-10-26T01:04:18.711252
/Users/henrysze/Library/CloudStorage/OneDrive-TheHongKongPolytechnicUniversity/Y4_SEM1/FYP/Images/9999996_00000_d_0000006.jpg,0,road,high,0,1.0,1652.53,99.18,1,2025-10-26T01:04:18.837298
/Users/henrysze/Library/CloudStorage/OneDrive-TheHongKongPolytechnicUniversity/Y4_SEM1/FYP/Images/9999996_00000_d_0000007.jpg,0,road,high,0,1.0,1688.24,97.93,1,2025-10-26T01:04:18.967795
/Users/henrysze/Library/CloudStorage/OneDrive-TheHongKongPolytechnicUniversity/Y4_SEM1/FYP/Images/9999996_00000_d_0000008.jpg,0,road,high,0,1.0,1687.84,100.03,1,2025-10-26T01:04:19.102983
/Users/henrysze/Library/CloudStorage/OneDrive-TheHongKongPolytechnicUniversity/Y4_SEM1/FYP/Images/9999996_00000_d_0000009.jpg,0,"person_animal,road",high,0,1.0,1367.84,97.53,1,2025-10-26T01:04:19.224523
/Users/henrysze/Library/CloudStorage/OneDrive-TheHongKongPolytechnicUniversity/Y4_SEM1/FYP/Images/9999996_00000_d_0000010.jpg,0,road,high,0,1.0,1247.47,92.72,1,2025-10-26T01:04:19.335711
/Users/henrysze/Library/CloudStorage/OneDrive-TheHongKongPolytechnicUniversity/Y4_SEM1/FYP/Images/9999996_00000_d_0000011.jpg,0,road,high,0,1.0,1296.2,92.79,1,2025-10-26T01:04:19.451317
/Users/henrysze/Library/CloudStorage/OneDrive-TheHongKongPolytechnicUniversity/Y4_SEM1/FYP/Images/9999996_00000_d_0000012.jpg,0,road,high,0,1.0,1272.35,97.76,1,2025-10-26T01:04:19.564500
/Users/henrysze/Library/CloudStorage/OneDrive-TheHongKongPolytechnicUniversity/Y4_SEM1/FYP/Images/9999996_00000_d_0000013.jpg,0,road,high,0,1.0,1335.06,95.96,1,2025-10-26T01:04:19.681314
/Users/henrysze/Library/CloudStorage/OneDrive-TheHongKongPolytechnicUniversity/Y4_SEM1/FYP/Images/9999996_00000_d_0000014.jpg,0,road,high,0,1.0,1555.54,97.67,1,2025-10-26T01:04:19.807966
/Users/henrysze/Library/CloudStorage/OneDrive-TheHongKongPolytechnicUniversity/Y4_SEM1/FYP/Images/9999996_00000_d_0000015.jpg,0,road,high,0,1.0,1516.34,98.14,1,2025-10-26T01:04:19.927809
/Users/henrysze/Library/CloudStorage/OneDrive-TheHongKongPolytechnicUniversity/Y4_SEM1/FYP/Images/9999996_00000_d_0000016.jpg,0,road,high,0,1.0,1557.94,97.82,1,2025-10-26T01:04:20.055238
/Users/henrysze/Library/CloudStorage/OneDrive-TheHongKongPolytechnicUniversity/Y4_SEM1/FYP/Images/9999996_00000_d_0000017.jpg,0,road,high,0,1.0,1178.1,89.37,1,2025-10-26T01:04:20.165701
/Users/henrysze/Library/CloudStorage/OneDrive-TheHongKongPolytechnicUniversity/Y4_SEM1/FYP/Images/9999996_00000_d_0000018.jpg,0,road,high,0,1.0,1638.16,97.77,1,2025-10-26T01:04:20.300663
/Users/henrysze/Library/CloudStorage/OneDrive-TheHongKongPolytechnicUniversity/Y4_SEM1/FYP/Images/9999996_00000_d_0000019.jpg,0,road,high,1,1.0,1098.12,90.79,1,2025-10-26T01:04:20.411867
/Users/henrysze/Library/CloudStorage/OneDrive-TheHongKongPolytechnicUniversity/Y4_SEM1/FYP/Images/9999996_00000_d_0000020.jpg,0,road,high,0,1.0,1422.43,95.41,1,2025-10-26T01:04:20.536989
/Users/henrysze/Library/CloudStorage/OneDrive-TheHongKongPolytechnicUniversity/Y4_SEM1/FYP/Images/9999996_00000_d_0000021.jpg,0,road,high,0,1.0,1278.18,93.55,1,2025-10-26T01:04:20.654514
/Users/henrysze/Library/CloudStorage/OneDrive-TheHongKongPolytechnicUniversity/Y4_SEM1/FYP/Images/9999996_00000_d_0000022.jpg,0,road,high,0,1.0,1508.79,95.21,1,2025-10-26T01:04:20.783465
/Users/henrysze/Library/CloudStorage/OneDrive-TheHongKongPolytechnicUniversity/Y4_SEM1/FYP/Images/9999996_00000_d_0000023.jpg,0,road,high,0,1.0,1282.3,89.74,1,2025-10-26T01:04:20.896172
/Users/henrysze/Library/CloudStorage/OneDrive-TheHongKongPolytechnicUniversity/Y4_SEM1/FYP/Images/9999996_00000_d_0000024.jpg,0,road,high,0,1.0,1254.89,93.28,1,2025-10-26T01:04:21.006900
/Users/henrysze/Library/CloudStorage/OneDrive-TheHongKongPolytechnicUniversity/Y4_SEM1/FYP/Images/9999996_00000_d_0000025.jpg,0,road,high,0,1.0,1236.96,93.25,1,2025-10-26T01:04:21.116643
/Users/henrysze/Library/CloudStorage/OneDrive-TheHongKongPolytechnicUniversity/Y4_SEM1/FYP/Images/9999996_00000_d_0000026.jpg,0,road,high,0,1.0,1265.53,92.79,1,2025-10-26T01:04:21.239145
/Users/henrysze/Library/CloudStorage/OneDrive-TheHongKongPolytechnicUniversity/Y4_SEM1/FYP/Images/9999996_00000_d_0000027.jpg,0,road,high,0,1.0,1572.18,99.67,1,2025-10-26T01:04:21.366224
/Users/henrysze/Library/CloudStorage/OneDrive-TheHongKongPolytechnicUniversity/Y4_SEM1/FYP/Images/9999996_00000_d_0000028.jpg,0,road,high,0,1.0,1658.88,99.32,1,2025-10-26T01:04:21.496136
/Users/henrysze/Library/CloudStorage/OneDrive-TheHongKongPolytechnicUniversity/Y4_SEM1/FYP/Images/9999996_00000_d_0000029.jpg,0,road,high,0,1.0,1214.88,90.88,1,2025-10-26T01:04:21.626809
